concept_og,feature_og,freq,feature,concept_en,feature_en
Ahorn,braun,1,colors,"['maple', 'maple tree', 'Maple']","['brown', 'brownness', 'Aquilus']"
Ahorn,gelb,1,colors,"['maple', 'maple tree', 'Maple']","['yellow', 'yellowness']"
Ahorn,grau,1,colors,"['maple', 'maple tree', 'Maple']","['gray', 'grey', 'greyness', 'grayness']"
Ahorn,weiß,1,colors,"['maple', 'maple tree', 'Maple']","['whiteness', 'white', 'colorimetric whiteness']"
Ahornblatt,grün,4,colors,"['maple-leaf', 'maple leaf']","['green', 'viridity', 'greenness']"
Ahornblatt,rot,1,colors,"['maple-leaf', 'maple leaf']","['red', 'redness']"
Anlage,blau,1,colors,"['facility', 'industrial plant', 'plant', 'whole', 'works', 'physical plant']","['blue', 'blueness']"
Anlage,grün,1,colors,"['facility', 'industrial plant', 'plant', 'whole', 'works', 'physical plant']","['green', 'viridity', 'greenness']"
Asche,grau,4,colors,"['ash', 'Ash']","['gray', 'grey', 'greyness', 'grayness']"
Asche,schwarz,1,colors,"['ash', 'Ash']","['black', 'color', 'coloring', 'colouring', 'complexion', 'colour', 'lists of colors', 'blackness', 'inkiness']"
Auge,blau,1,colors,"['eye', 'eyes', 'eyeball', 'eye ball', 'optic', 'oculus']","['blue', 'blueness']"
Auge,braun,1,colors,"['eye', 'eyes', 'eyeball', 'eye ball', 'optic', 'oculus']","['brown', 'brownness', 'Aquilus']"
Banane,braun,1,colors,['banana'],"['brown', 'brownness', 'Aquilus']"
Banane,gelb,16,colors,['banana'],"['yellow', 'yellowness']"
Banane,grün,1,colors,['banana'],"['green', 'viridity', 'greenness']"
Banane,schwarz,2,colors,['banana'],"['black', 'color', 'coloring', 'colouring', 'complexion', 'colour', 'lists of colors', 'blackness', 'inkiness']"
Bananenschale,braun,3,colors,"['banana peel', 'banana skin']","['brown', 'brownness', 'Aquilus']"
Bananenschale,gelb,23,colors,"['banana peel', 'banana skin']","['yellow', 'yellowness']"
Bananenschale,grün,1,colors,"['banana peel', 'banana skin']","['green', 'viridity', 'greenness']"
Bananenschale,lila,1,colors,"['banana peel', 'banana skin']","['purpleness', 'purple', 'violet', 'reddish blue']"
Bananenschale,rosa,1,colors,"['banana peel', 'banana skin']","['rose', 'rosebush', 'pink']"
Bananenschale,schwarz,3,colors,"['banana peel', 'banana skin']","['black', 'color', 'coloring', 'colouring', 'complexion', 'colour', 'lists of colors', 'blackness', 'inkiness']"
Bananenschale,weiß,2,colors,"['banana peel', 'banana skin']","['whiteness', 'white', 'colorimetric whiteness']"
Basket,orange,1,colors,[],"['France Télécom', 'Orange S.A.', 'orangeness']"
Basketball,braun,1,colors,"['basketball game', 'basketball player', 'hoops', 'basketball ball']","['brown', 'brownness', 'Aquilus']"
Basketball,orange,4,colors,"['basketball game', 'basketball player', 'hoops', 'basketball ball']","['France Télécom', 'Orange S.A.', 'orangeness']"
Basketball,schwarz,2,colors,"['basketball game', 'basketball player', 'hoops', 'basketball ball']","['black', 'color', 'coloring', 'colouring', 'complexion', 'colour', 'lists of colors', 'blackness', 'inkiness']"
Baum,braun,1,colors,['tree'],"['brown', 'brownness', 'Aquilus']"
Baum,grün,2,colors,['tree'],"['green', 'viridity', 'greenness']"
Beere,blau,1,colors,['berry'],"['blue', 'blueness']"
Beere,rot,4,colors,['berry'],"['red', 'redness']"
Beere,schwarz,1,colors,['berry'],"['black', 'color', 'coloring', 'colouring', 'complexion', 'colour', 'lists of colors', 'blackness', 'inkiness']"
Bettwäsche,weiß,3,colors,"['bedclothes', 'bedding', 'bed clothing', 'bedsheet', 'sheet', 'bed sheet']","['whiteness', 'white', 'colorimetric whiteness']"
Bier,gelb,2,colors,"['beer', 'ale', 'brewing industry']","['yellow', 'yellowness']"
Bier,weiß,1,colors,"['beer', 'ale', 'brewing industry']","['whiteness', 'white', 'colorimetric whiteness']"
Bildschirm,schwarz,1,colors,"['monitor', 'computer display', 'computer monitor']","['black', 'color', 'coloring', 'colouring', 'complexion', 'colour', 'lists of colors', 'blackness', 'inkiness']"
Bildschirm,weiß,1,colors,"['monitor', 'computer display', 'computer monitor']","['whiteness', 'white', 'colorimetric whiteness']"
Billiard,schwarz,1,colors,[],"['black', 'color', 'coloring', 'colouring', 'complexion', 'colour', 'lists of colors', 'blackness', 'inkiness']"
Billiardtisch,grün,4,colors,[],"['green', 'viridity', 'greenness']"
Blatt,grün,6,colors,"['leaf', 'foliage', 'leafage', 'Laphi', 'sheet', 'sheet of paper', 'piece of paper', 'page']","['green', 'viridity', 'greenness']"
Blatt,weiß,1,colors,"['leaf', 'foliage', 'leafage', 'Laphi', 'sheet', 'sheet of paper', 'piece of paper', 'page']","['whiteness', 'white', 'colorimetric whiteness']"
Blei,grau,1,colors,"['lead', 'Pb']","['gray', 'grey', 'greyness', 'grayness']"
Blei,silber,2,colors,"['lead', 'Pb']","['silver', 'Ag', 'ash gray', 'silver gray', 'ash grey', 'silver grey']"
Bleistift,grau,1,colors,['pencil'],"['gray', 'grey', 'greyness', 'grayness']"
Blockflöte,braun,1,colors,"['recorder', 'fipple flute', 'vertical flute', 'fipple pipe', 'Vertical flute']","['brown', 'brownness', 'Aquilus']"
Blume,grün,1,colors,"['bloom', 'blossom', 'flower', 'blossoming', 'efflorescence', 'flowering', 'flowering stage']","['green', 'viridity', 'greenness']"
Blumenkohl,grün,1,colors,"['cauliflower', 'Brassica oleracea botrytis', 'Brassica oleracea var. botrytis']","['green', 'viridity', 'greenness']"
Blumenkohl,weiß,13,colors,"['cauliflower', 'Brassica oleracea botrytis', 'Brassica oleracea var. botrytis']","['whiteness', 'white', 'colorimetric whiteness']"
Blumenstrauß,grün,1,colors,"['posy', 'posie', 'flower bouquet', 'nosegay', 'bouquet', 'tussie-mussie', 'posey', 'flower artist']","['green', 'viridity', 'greenness']"
Braut,weiß,14,colors,['bride'],"['whiteness', 'white', 'colorimetric whiteness']"
Brautkleid,weiß,18,colors,"['wedding gown', 'wedding dress', 'bridal gown', 'contemporary Western wedding dress']","['whiteness', 'white', 'colorimetric whiteness']"
Brief,weiß,3,colors,"['letter', 'missive']","['whiteness', 'white', 'colorimetric whiteness']"
Briefkasten,gelb,3,colors,"['mailbox', 'postbox', 'letter box', 'collection box', 'post box']","['yellow', 'yellowness']"
Briefpapier,weiß,4,colors,"['notepaper', 'notebook']","['whiteness', 'white', 'colorimetric whiteness']"
Briefträger,gelb,2,colors,"['carrier', 'mailman', 'postman', 'mail carrier', 'letter carrier']","['yellow', 'yellowness']"
Brom,braun,1,colors,"['bromine', 'Br']","['brown', 'brownness', 'Aquilus']"
Brom,lila,1,colors,"['bromine', 'Br']","['purpleness', 'purple', 'violet', 'reddish blue']"
Brom,rot,1,colors,"['bromine', 'Br']","['red', 'redness']"
Brombeere,blau,2,colors,"['blackberry', 'blackberry bush', 'Rubus subg. Rubus']","['blue', 'blueness']"
Brombeere,lila,2,colors,"['blackberry', 'blackberry bush', 'Rubus subg. Rubus']","['purpleness', 'purple', 'violet', 'reddish blue']"
Brombeere,rot,1,colors,"['blackberry', 'blackberry bush', 'Rubus subg. Rubus']","['red', 'redness']"
Brombeere,schwarz,11,colors,"['blackberry', 'blackberry bush', 'Rubus subg. Rubus']","['black', 'color', 'coloring', 'colouring', 'complexion', 'colour', 'lists of colors', 'blackness', 'inkiness']"
Brust,weiß,1,colors,"['tit', 'bosom', 'breast', 'bust', 'knockers', 'breasts', 'boobies', 'tits', 'funbags', 'boobs', 'titty', 'knocker', 'boob', 'chest', 'thorax', 'chest cavity', 'thoracic cavity', 'pectus']","['whiteness', 'white', 'colorimetric whiteness']"
Bulle,beige,1,colors,"['papal bull', 'bull', 'policeman', 'police officer', 'policewoman', 'cop', 'officer']",['ecru']
Bulle,braun,2,colors,"['papal bull', 'bull', 'policeman', 'police officer', 'policewoman', 'cop', 'officer']","['brown', 'brownness', 'Aquilus']"
Bulle,rot,1,colors,"['papal bull', 'bull', 'policeman', 'police officer', 'policewoman', 'cop', 'officer']","['red', 'redness']"
Bulle,schwarz,3,colors,"['papal bull', 'bull', 'policeman', 'police officer', 'policewoman', 'cop', 'officer']","['black', 'color', 'coloring', 'colouring', 'complexion', 'colour', 'lists of colors', 'blackness', 'inkiness']"
Bulle,weiß,1,colors,"['papal bull', 'bull', 'policeman', 'police officer', 'policewoman', 'cop', 'officer']","['whiteness', 'white', 'colorimetric whiteness']"
Bär,braun,10,colors,"['boar', 'wild hog', 'wild boar', 'Sus scrofa', 'wild pig', 'bear', 'Ursidae']","['brown', 'brownness', 'Aquilus']"
Bär,schwarz,2,colors,"['boar', 'wild hog', 'wild boar', 'Sus scrofa', 'wild pig', 'bear', 'Ursidae']","['black', 'color', 'coloring', 'colouring', 'complexion', 'colour', 'lists of colors', 'blackness', 'inkiness']"
Bär,weiß,2,colors,"['boar', 'wild hog', 'wild boar', 'Sus scrofa', 'wild pig', 'bear', 'Ursidae']","['whiteness', 'white', 'colorimetric whiteness']"
Bärchen,schwarz,1,colors,[],"['black', 'color', 'coloring', 'colouring', 'complexion', 'colour', 'lists of colors', 'blackness', 'inkiness']"
Bärlauch,blau,2,colors,"['wood garlic', 'broad-leaved garlic', ""bear's garlic"", 'buckrams', 'ramsons', 'wild garlic', 'Allium ursinum']","['blue', 'blueness']"
Bärlauch,grün,2,colors,"['wood garlic', 'broad-leaved garlic', ""bear's garlic"", 'buckrams', 'ramsons', 'wild garlic', 'Allium ursinum']","['green', 'viridity', 'greenness']"
Büroklammer,silber,1,colors,"['paper clip', 'paperclip', 'gem clip']","['silver', 'Ag', 'ash gray', 'silver gray', 'ash grey', 'silver grey']"
Bürste,braun,1,colors,['brush'],"['brown', 'brownness', 'Aquilus']"
Cowboyhut,braun,1,colors,"['ten-gallon hat', 'cowboy hat']","['brown', 'brownness', 'Aquilus']"
Cowboystiefel,braun,2,colors,['cowboy boot'],"['brown', 'brownness', 'Aquilus']"
Cowboystiefel,weiß,1,colors,['cowboy boot'],"['whiteness', 'white', 'colorimetric whiteness']"
Creme,gelb,1,colors,"['ointment', 'emollient', 'cream']","['yellow', 'yellowness']"
Creme,weiß,5,colors,"['ointment', 'emollient', 'cream']","['whiteness', 'white', 'colorimetric whiteness']"
Dach,rot,1,colors,['roof'],"['red', 'redness']"
Domino,schwarz,6,colors,"['dominoes', 'dominos']","['black', 'color', 'coloring', 'colouring', 'complexion', 'colour', 'lists of colors', 'blackness', 'inkiness']"
Domino,weiß,4,colors,"['dominoes', 'dominos']","['whiteness', 'white', 'colorimetric whiteness']"
Dominostein,schwarz,3,colors,[],"['black', 'color', 'coloring', 'colouring', 'complexion', 'colour', 'lists of colors', 'blackness', 'inkiness']"
Dominostein,weiß,3,colors,[],"['whiteness', 'white', 'colorimetric whiteness']"
Echse,gelb,1,colors,"['lizard', 'Lacertilia']","['yellow', 'yellowness']"
Ei,braun,2,colors,"[""hen's egg"", ""chicken's egg"", 'chicken egg', 'egg', 'eggs', 'Eggs as food', 'insect egg']","['brown', 'brownness', 'Aquilus']"
Ei,gelb,2,colors,"[""hen's egg"", ""chicken's egg"", 'chicken egg', 'egg', 'eggs', 'Eggs as food', 'insect egg']","['yellow', 'yellowness']"
Ei,rot,1,colors,"[""hen's egg"", ""chicken's egg"", 'chicken egg', 'egg', 'eggs', 'Eggs as food', 'insect egg']","['red', 'redness']"
Ei,weiß,7,colors,"[""hen's egg"", ""chicken's egg"", 'chicken egg', 'egg', 'eggs', 'Eggs as food', 'insect egg']","['whiteness', 'white', 'colorimetric whiteness']"
Eimer,schwarz,1,colors,"['bucket', 'pail', 'Pail']","['black', 'color', 'coloring', 'colouring', 'complexion', 'colour', 'lists of colors', 'blackness', 'inkiness']"
Eisberg,weiß,2,colors,"['iceberg', 'berg']","['whiteness', 'white', 'colorimetric whiteness']"
Eisbär,weiß,7,colors,"['polar bear', 'Thalarctos maritimus', 'Ursus Maritimus', 'ice bear']","['whiteness', 'white', 'colorimetric whiteness']"
Eisen,grau,1,colors,"['iron', 'Fe']","['gray', 'grey', 'greyness', 'grayness']"
Eisen,silber,1,colors,"['iron', 'Fe']","['silver', 'Ag', 'ash gray', 'silver gray', 'ash grey', 'silver grey']"
Eiswürfel,weiß,1,colors,['ice cube'],"['whiteness', 'white', 'colorimetric whiteness']"
Ente,gelb,2,colors,"['duck', 'hoax', 'fraudulence', 'humbug', 'fraud', 'put-on', 'dupery']","['yellow', 'yellowness']"
Erdbeere,rosa,1,colors,"['garden strawberry', 'strawberry', 'strawberry juice']","['rose', 'rosebush', 'pink']"
Erdbeere,rot,9,colors,"['garden strawberry', 'strawberry', 'strawberry juice']","['red', 'redness']"
Erde,blau,2,colors,"['Blue Planet', 'Earth', 'earth', 'globe', 'world', 'World', 'Globe', 'land', 'ground', 'terra firma', 'solid ground', 'dry land', 'land mass', 'soil', 'dirt']","['blue', 'blueness']"
Erde,braun,1,colors,"['Blue Planet', 'Earth', 'earth', 'globe', 'world', 'World', 'Globe', 'land', 'ground', 'terra firma', 'solid ground', 'dry land', 'land mass', 'soil', 'dirt']","['brown', 'brownness', 'Aquilus']"
Erde,grün,1,colors,"['Blue Planet', 'Earth', 'earth', 'globe', 'world', 'World', 'Globe', 'land', 'ground', 'terra firma', 'solid ground', 'dry land', 'land mass', 'soil', 'dirt']","['green', 'viridity', 'greenness']"
Erdnuss,braun,2,colors,"['monkey nut', 'peanut', 'groundnut', 'jack nut', 'pinda', 'earthnut', 'goober', 'peanut vine', 'Arachis hypogaea', 'Arakido']","['brown', 'brownness', 'Aquilus']"
Erdnuss,rot,2,colors,"['monkey nut', 'peanut', 'groundnut', 'jack nut', 'pinda', 'earthnut', 'goober', 'peanut vine', 'Arachis hypogaea', 'Arakido']","['red', 'redness']"
Espresso,schwarz,3,colors,[],"['black', 'color', 'coloring', 'colouring', 'complexion', 'colour', 'lists of colors', 'blackness', 'inkiness']"
Feder,weiß,2,colors,"['plume', 'feathers', 'feather', 'plumage', 'barbule', 'spring', 'pen']","['whiteness', 'white', 'colorimetric whiteness']"
Federball,weiß,1,colors,['badminton'],"['whiteness', 'white', 'colorimetric whiteness']"
Feld,braun,1,colors,"['plain', 'champaign', 'field', 'acre']","['brown', 'brownness', 'Aquilus']"
Feld,grün,2,colors,"['plain', 'champaign', 'field', 'acre']","['green', 'viridity', 'greenness']"
Feldsalat,grün,8,colors,"['rapunzel', ""lamb's lettuce"", 'corn salad', 'common corn salad', 'Valerianella locusta', 'Valerianella olitoria']","['green', 'viridity', 'greenness']"
Feuer,blau,1,colors,"['flame', 'fire', 'flaming']","['blue', 'blueness']"
Feuer,gelb,3,colors,"['flame', 'fire', 'flaming']","['yellow', 'yellowness']"
Feuer,orange,3,colors,"['flame', 'fire', 'flaming']","['France Télécom', 'Orange S.A.', 'orangeness']"
Feuer,rot,2,colors,"['flame', 'fire', 'flaming']","['red', 'redness']"
Fieber,rot,1,colors,"['pyrexia', 'fever', 'feverishness', 'febricity', 'febrility']","['red', 'redness']"
Fieberthermometer,silber,9,colors,"['mercury-in-glass clinical thermometer', 'clinical thermometer', 'medical thermometer']","['silver', 'Ag', 'ash gray', 'silver gray', 'ash grey', 'silver grey']"
Fingerhut,grün,1,colors,"['foxglove', 'digitalis', 'Digitalis']","['green', 'viridity', 'greenness']"
Fingerhut,rot,1,colors,"['foxglove', 'digitalis', 'Digitalis']","['red', 'redness']"
Fingerhut,weiß,1,colors,"['foxglove', 'digitalis', 'Digitalis']","['whiteness', 'white', 'colorimetric whiteness']"
Fladen,braun,1,colors,['rijstevlaai'],"['brown', 'brownness', 'Aquilus']"
Fladen,rot,3,colors,['rijstevlaai'],"['red', 'redness']"
Fleisch,rosa,2,colors,"['meat', 'human body', 'human physiology', 'build', 'figure', 'soma', 'chassis', 'form', 'anatomy', 'shape', 'frame', 'physique', 'flesh', 'material body', 'physical body', 'bod']","['rose', 'rosebush', 'pink']"
Fleisch,rot,2,colors,"['meat', 'human body', 'human physiology', 'build', 'figure', 'soma', 'chassis', 'form', 'anatomy', 'shape', 'frame', 'physique', 'flesh', 'material body', 'physical body', 'bod']","['red', 'redness']"
Fleisch,weiß,1,colors,"['meat', 'human body', 'human physiology', 'build', 'figure', 'soma', 'chassis', 'form', 'anatomy', 'shape', 'frame', 'physique', 'flesh', 'material body', 'physical body', 'bod']","['whiteness', 'white', 'colorimetric whiteness']"
Fliege,schwarz,6,colors,"['fly', 'Diptera']","['black', 'color', 'coloring', 'colouring', 'complexion', 'colour', 'lists of colors', 'blackness', 'inkiness']"
Fliegenpilz,rot,16,colors,"['fly agaric', 'fly Amanita', 'Amanita muscaria']","['red', 'redness']"
Fliegenpilz,weiß,14,colors,"['fly agaric', 'fly Amanita', 'Amanita muscaria']","['whiteness', 'white', 'colorimetric whiteness']"
Floh,schwarz,1,colors,"['flea', 'Siphonaptera']","['black', 'color', 'coloring', 'colouring', 'complexion', 'colour', 'lists of colors', 'blackness', 'inkiness']"
Flohmarkt,rot,1,colors,"['peddler', 'packman', 'pedlar', 'pitchman', 'hawker', 'street vendor']","['red', 'redness']"
Flohmarkt,weiß,1,colors,"['peddler', 'packman', 'pedlar', 'pitchman', 'hawker', 'street vendor']","['whiteness', 'white', 'colorimetric whiteness']"
Foto,schwarz,4,colors,"['photo', 'photograph', 'picture', 'pic', 'exposure']","['black', 'color', 'coloring', 'colouring', 'complexion', 'colour', 'lists of colors', 'blackness', 'inkiness']"
Foto,weiß,4,colors,"['photo', 'photograph', 'picture', 'pic', 'exposure']","['whiteness', 'white', 'colorimetric whiteness']"
Fußball,schwarz,2,colors,"['football', 'association football', 'soccer', 'ball', 'association football ball', 'soccerball', 'football game', 'football codes', 'Football', 'globe', 'orb']","['black', 'color', 'coloring', 'colouring', 'complexion', 'colour', 'lists of colors', 'blackness', 'inkiness']"
Fußball,weiß,2,colors,"['football', 'association football', 'soccer', 'ball', 'association football ball', 'soccerball', 'football game', 'football codes', 'Football', 'globe', 'orb']","['whiteness', 'white', 'colorimetric whiteness']"
Gesangsbuch,schwarz,1,colors,"['hymnbook', 'hymnal', 'hymnary', 'Christian song book']","['black', 'color', 'coloring', 'colouring', 'complexion', 'colour', 'lists of colors', 'blackness', 'inkiness']"
Gewächs,grün,8,colors,"['vegetation', 'flora', 'plant species', 'plant', 'plant life']","['green', 'viridity', 'greenness']"
Gewächshaus,weiß,1,colors,"['greenhouse', 'glasshouse', 'nursery']","['whiteness', 'white', 'colorimetric whiteness']"
Golfball,weiß,16,colors,['golf ball'],"['whiteness', 'white', 'colorimetric whiteness']"
Gummi,rot,1,colors,"['prophylactic', 'French letter', 'safety', 'safe', 'condom', 'rubber', 'caoutchouc', 'polyisoprene', 'gum elastic', 'natural rubber', 'India rubber', 'vulcanized rubber', 'synthetic rubber']","['red', 'redness']"
Gummibärchen,gold,1,colors,['gummy bear'],"['Au', 'amber', 'golden brown']"
Gummiente,gelb,13,colors,['rubber duck'],"['yellow', 'yellowness']"
Gummiente,rot,1,colors,['rubber duck'],"['red', 'redness']"
Gummistiefel,gelb,4,colors,"['rainboots', 'wellies', 'galoshes', 'wellington boots', 'rubber boots', 'wellingtons', 'gumboots', 'Hessian boot', 'Wellington', 'jackboot', 'Wellington boot', 'hessian', 'Hessian']","['yellow', 'yellowness']"
Gummistiefel,schwarz,1,colors,"['rainboots', 'wellies', 'galoshes', 'wellington boots', 'rubber boots', 'wellingtons', 'gumboots', 'Hessian boot', 'Wellington', 'jackboot', 'Wellington boot', 'hessian', 'Hessian']","['black', 'color', 'coloring', 'colouring', 'complexion', 'colour', 'lists of colors', 'blackness', 'inkiness']"
Gummistiefel,weiß,1,colors,"['rainboots', 'wellies', 'galoshes', 'wellington boots', 'rubber boots', 'wellingtons', 'gumboots', 'Hessian boot', 'Wellington', 'jackboot', 'Wellington boot', 'hessian', 'Hessian']","['whiteness', 'white', 'colorimetric whiteness']"
Gürteltier,grau,1,colors,['armadillo'],"['gray', 'grey', 'greyness', 'grayness']"
Haar,braun,1,colors,"['hair', 'pilus']","['brown', 'brownness', 'Aquilus']"
Haar,grau,1,colors,"['hair', 'pilus']","['gray', 'grey', 'greyness', 'grayness']"
Haar,rot,1,colors,"['hair', 'pilus']","['red', 'redness']"
Haar,schwarz,3,colors,"['hair', 'pilus']","['black', 'color', 'coloring', 'colouring', 'complexion', 'colour', 'lists of colors', 'blackness', 'inkiness']"
Hahnenfuß,gelb,3,colors,"['genus Ranunculus', 'Ranunculus']","['yellow', 'yellowness']"
Hahnenfuß,grün,1,colors,"['genus Ranunculus', 'Ranunculus']","['green', 'viridity', 'greenness']"
Halm,grün,6,colors,['straw'],"['green', 'viridity', 'greenness']"
Halskette,gold,1,colors,['necklace'],"['Au', 'amber', 'golden brown']"
Halskette,silber,1,colors,['necklace'],"['silver', 'Ag', 'ash gray', 'silver gray', 'ash grey', 'silver grey']"
Handcrème,weiß,10,colors,"['ointment', 'emollient', 'cream']","['whiteness', 'white', 'colorimetric whiteness']"
Handtuch,rot,3,colors,['towel'],"['red', 'redness']"
Hasel,braun,3,colors,"['hazel', 'hazelnut oil', 'hazelnut', 'hazelnut tree', 'Corylus', 'Corylus avellana']","['brown', 'brownness', 'Aquilus']"
Haselnuss,braun,8,colors,"['cobnut', 'filbert', 'Corylus avellana grandis', 'Corylus avellana']","['brown', 'brownness', 'Aquilus']"
Haus,weiß,2,colors,"['house', 'home', 'dwelling', 'habitation', 'dwelling house', 'abode', 'domicile', 'Flotten, Hemmet och Sandlådan', 'residence']","['whiteness', 'white', 'colorimetric whiteness']"
Heide,rosa,1,colors,"['pagan religion', 'paganism', 'heathenism']","['rose', 'rosebush', 'pink']"
Heidelbeere,blau,6,colors,"['bilberry', 'whinberry', 'blaeberry', 'whortleberry', 'Viccinium myrtillus', 'Vaccinium myrtillus', 'blueberry', 'myrtle berry', 'Whortleberry']","['blue', 'blueness']"
Heidelbeere,lila,1,colors,"['bilberry', 'whinberry', 'blaeberry', 'whortleberry', 'Viccinium myrtillus', 'Vaccinium myrtillus', 'blueberry', 'myrtle berry', 'Whortleberry']","['purpleness', 'purple', 'violet', 'reddish blue']"
Hemd,weiß,2,colors,['shirt'],"['whiteness', 'white', 'colorimetric whiteness']"
Heu,beige,1,colors,['hay'],['ecru']
Heu,gelb,1,colors,['hay'],"['yellow', 'yellowness']"
Heu,grün,2,colors,['hay'],"['green', 'viridity', 'greenness']"
Heuhaufen,rot,1,colors,"['rick', 'haystack', 'hayrick']","['red', 'redness']"
Himbeere,rosa,3,colors,"['wild raspberry', 'framboise', 'European raspberry', 'Rubus idaeus', 'raspberry', 'raspberry bush']","['rose', 'rosebush', 'pink']"
Himbeere,rot,4,colors,"['wild raspberry', 'framboise', 'European raspberry', 'Rubus idaeus', 'raspberry', 'raspberry bush']","['red', 'redness']"
Hirsch,braun,4,colors,"['hind', 'deer', 'doe', 'cervid', 'Cervidae']","['brown', 'brownness', 'Aquilus']"
Hirsch,weiß,1,colors,"['hind', 'deer', 'doe', 'cervid', 'Cervidae']","['whiteness', 'white', 'colorimetric whiteness']"
Hirschkäfer,braun,1,colors,"['stag beetle', 'Lucanidae']","['brown', 'brownness', 'Aquilus']"
Hirschkäfer,grün,1,colors,"['stag beetle', 'Lucanidae']","['green', 'viridity', 'greenness']"
Hirschkäfer,schwarz,4,colors,"['stag beetle', 'Lucanidae']","['black', 'color', 'coloring', 'colouring', 'complexion', 'colour', 'lists of colors', 'blackness', 'inkiness']"
Hollywood,weiß,1,colors,['cinema of the United States'],"['whiteness', 'white', 'colorimetric whiteness']"
Hollywoodschaukel,weiß,1,colors,[],"['whiteness', 'white', 'colorimetric whiteness']"
Holz,braun,2,colors,"['forrest', 'forest', 'wood', 'woods', 'Wälder', 'sap-wood', 'sapwood', 'alburnum']","['brown', 'brownness', 'Aquilus']"
Horn,beige,1,colors,"['top', 'apex', 'summit', 'peak', 'crown', 'crest', 'tip', 'Weapon']",['ecru']
Horn,grau,1,colors,"['top', 'apex', 'summit', 'peak', 'crown', 'crest', 'tip', 'Weapon']","['gray', 'grey', 'greyness', 'grayness']"
Horn,weiß,1,colors,"['top', 'apex', 'summit', 'peak', 'crown', 'crest', 'tip', 'Weapon']","['whiteness', 'white', 'colorimetric whiteness']"
Hornbrille,braun,4,colors,"['Horn-rimmed glasses', 'horn-rimmed glasses']","['brown', 'brownness', 'Aquilus']"
Hornbrille,gelb,2,colors,"['Horn-rimmed glasses', 'horn-rimmed glasses']","['yellow', 'yellowness']"
Hornbrille,schwarz,2,colors,"['Horn-rimmed glasses', 'horn-rimmed glasses']","['black', 'color', 'coloring', 'colouring', 'complexion', 'colour', 'lists of colors', 'blackness', 'inkiness']"
Hufeisen,silber,1,colors,"['shoe', 'horseshoe']","['silver', 'Ag', 'ash gray', 'silver gray', 'ash grey', 'silver grey']"
Hut,braun,1,colors,"['hat', 'chapeau', 'lid']","['brown', 'brownness', 'Aquilus']"
Hüttenkäse,gelb,1,colors,"['curd cheese', 'cottage cheese', 'pot cheese', ""farmer's cheese"", 'farm cheese', 'farmer cheese', 'Farmer cheese']","['yellow', 'yellowness']"
Hüttenkäse,rot,5,colors,"['curd cheese', 'cottage cheese', 'pot cheese', ""farmer's cheese"", 'farm cheese', 'farmer cheese', 'Farmer cheese']","['red', 'redness']"
Hüttenkäse,weiß,13,colors,"['curd cheese', 'cottage cheese', 'pot cheese', ""farmer's cheese"", 'farm cheese', 'farmer cheese', 'Farmer cheese']","['whiteness', 'white', 'colorimetric whiteness']"
Jeans,blau,16,colors,"['blue jeans', 'denim', 'blue jean', 'jean']","['blue', 'blueness']"
Jeanshemd,blau,16,colors,['denim shirt'],"['blue', 'blueness']"
Jeanshemd,schwarz,1,colors,['denim shirt'],"['black', 'color', 'coloring', 'colouring', 'complexion', 'colour', 'lists of colors', 'blackness', 'inkiness']"
Jeansjacke,blau,6,colors,"['blue jeans', 'jeans', 'denim', 'blue jean', 'jean']","['blue', 'blueness']"
Jäger,grün,1,colors,"['hunt', 'hunting', 'hunter', 'huntsman']","['green', 'viridity', 'greenness']"
Jägerzaun,braun,3,colors,['Trellis-work fences'],"['brown', 'brownness', 'Aquilus']"
Jägerzaun,schwarz,1,colors,['Trellis-work fences'],"['black', 'color', 'coloring', 'colouring', 'complexion', 'colour', 'lists of colors', 'blackness', 'inkiness']"
Kaffee,braun,2,colors,"['coffee plant', 'coffee', 'java', 'health effects of coffee', 'coffee berry', 'coffee bean']","['brown', 'brownness', 'Aquilus']"
Kaffee,schwarz,3,colors,"['coffee plant', 'coffee', 'java', 'health effects of coffee', 'coffee berry', 'coffee bean']","['black', 'color', 'coloring', 'colouring', 'complexion', 'colour', 'lists of colors', 'blackness', 'inkiness']"
Kaffeemühle,rot,1,colors,"['coffee grounds', 'coffee grinder']","['red', 'redness']"
Kaffeepad,weiß,1,colors,"['single-serve coffee container', 'coffee pad']","['whiteness', 'white', 'colorimetric whiteness']"
Karte,gelb,1,colors,"['function', 'map', 'mapping', 'single-valued function', 'mathematical function', 'ticket', 'card']","['yellow', 'yellowness']"
Karte,rot,1,colors,"['function', 'map', 'mapping', 'single-valued function', 'mathematical function', 'ticket', 'card']","['red', 'redness']"
Kette,silber,1,colors,"['necklace', 'concatenation', 'chain', 'Concatenation']","['silver', 'Ag', 'ash gray', 'silver gray', 'ash grey', 'silver grey']"
Klammer,rot,1,colors,"['two', 'deuce', 'II']","['red', 'redness']"
Kleid,weiß,1,colors,"['dress', 'frock', 'maxi dress']","['whiteness', 'white', 'colorimetric whiteness']"
Kleider,weiß,1,colors,"['clothes', 'thing', 'things', 'garments', 'garment', 'apparel', 'raiment', 'clothing', 'wearable', 'article of clothing', 'wear', 'habiliment', 'vesture', 'dress', 'frock', 'maxi dress', 'wearing apparel']","['whiteness', 'white', 'colorimetric whiteness']"
Knoblauch,weiß,3,colors,"['garlic', 'Allium sativum', 'Allium longicuspis', 'Garlic']","['whiteness', 'white', 'colorimetric whiteness']"
Kohl,grün,6,colors,"['cabbage', 'white cabbage', 'Brassica oleracea', 'cultivated cabbage']","['green', 'viridity', 'greenness']"
Kohl,weiß,1,colors,"['cabbage', 'white cabbage', 'Brassica oleracea', 'cultivated cabbage']","['whiteness', 'white', 'colorimetric whiteness']"
Kokos,braun,3,colors,"['coconut', 'coco', 'coconut palm', 'Cocos nucifera', 'cocoa palm', 'coco palm', 'coconut tree']","['brown', 'brownness', 'Aquilus']"
Kokos,weiß,4,colors,"['coconut', 'coco', 'coconut palm', 'Cocos nucifera', 'cocoa palm', 'coco palm', 'coconut tree']","['whiteness', 'white', 'colorimetric whiteness']"
Kokosnuss,braun,8,colors,"['coconut', 'coco', 'coconut palm', 'Cocos nucifera', 'cocoa palm', 'coco palm', 'coconut tree']","['brown', 'brownness', 'Aquilus']"
Kokosnuss,weiß,4,colors,"['coconut', 'coco', 'coconut palm', 'Cocos nucifera', 'cocoa palm', 'coco palm', 'coconut tree']","['whiteness', 'white', 'colorimetric whiteness']"
Kopfsalat,grün,8,colors,['lettuce'],"['green', 'viridity', 'greenness']"
Korb,beige,1,colors,"['basket', 'handbasket']",['ecru']
Korb,braun,2,colors,"['basket', 'handbasket']","['brown', 'brownness', 'Aquilus']"
Korken,braun,1,colors,"['bottle cork', 'bottle stopper', 'cork', 'stopper', 'spile', 'bung']","['brown', 'brownness', 'Aquilus']"
Kredit,grün,1,colors,"['credit', 'deferred payment']","['green', 'viridity', 'greenness']"
Krone,weiß,1,colors,"['crown', 'diadem']","['whiteness', 'white', 'colorimetric whiteness']"
Kröte,braun,3,colors,"['toad', 'frog', 'batrachian', 'salientian', 'toad frog', 'anuran', 'Anura']","['brown', 'brownness', 'Aquilus']"
Kröte,grün,2,colors,"['toad', 'frog', 'batrachian', 'salientian', 'toad frog', 'anuran', 'Anura']","['green', 'viridity', 'greenness']"
Kuckuck,braun,2,colors,"['Common Cuckoo', 'cuckoo', 'European cuckoo', 'Cuculus canorus', 'common cuckoo']","['brown', 'brownness', 'Aquilus']"
Kuckuck,grau,2,colors,"['Common Cuckoo', 'cuckoo', 'European cuckoo', 'Cuculus canorus', 'common cuckoo']","['gray', 'grey', 'greyness', 'grayness']"
Kuckuck,schwarz,1,colors,"['Common Cuckoo', 'cuckoo', 'European cuckoo', 'Cuculus canorus', 'common cuckoo']","['black', 'color', 'coloring', 'colouring', 'complexion', 'colour', 'lists of colors', 'blackness', 'inkiness']"
Kuh,braun,1,colors,"['cow', 'cattle', 'kine', 'oxen', 'Bos taurus', 'cows', 'moo-cow']","['brown', 'brownness', 'Aquilus']"
Kuh,schwarz,2,colors,"['cow', 'cattle', 'kine', 'oxen', 'Bos taurus', 'cows', 'moo-cow']","['black', 'color', 'coloring', 'colouring', 'complexion', 'colour', 'lists of colors', 'blackness', 'inkiness']"
Kuh,weiß,2,colors,"['cow', 'cattle', 'kine', 'oxen', 'Bos taurus', 'cows', 'moo-cow']","['whiteness', 'white', 'colorimetric whiteness']"
Kuhfladen,braun,3,colors,"['cow dung', 'cow chip', 'buffalo chip', 'chip']","['brown', 'brownness', 'Aquilus']"
Kuhfladen,grün,2,colors,"['cow dung', 'cow chip', 'buffalo chip', 'chip']","['green', 'viridity', 'greenness']"
Käfer,schwarz,1,colors,"['beetle', 'beetles']","['black', 'color', 'coloring', 'colouring', 'complexion', 'colour', 'lists of colors', 'blackness', 'inkiness']"
Käse,gelb,6,colors,"['cheese', 'YAMSHD']","['yellow', 'yellowness']"
Käse,rot,5,colors,"['cheese', 'YAMSHD']","['red', 'redness']"
Käse,weiß,4,colors,"['cheese', 'YAMSHD']","['whiteness', 'white', 'colorimetric whiteness']"
Kürbis,gelb,2,colors,"['pumpkin', 'tomato']","['yellow', 'yellowness']"
Kürbis,orange,5,colors,"['pumpkin', 'tomato']","['France Télécom', 'Orange S.A.', 'orangeness']"
Kürbiskern,beige,2,colors,"['pumpkin seed', 'pepita']",['ecru']
Kürbiskern,rot,1,colors,"['pumpkin seed', 'pepita']","['red', 'redness']"
Lachs,rosa,5,colors,['salmon'],"['rose', 'rosebush', 'pink']"
Lachs,rot,3,colors,['salmon'],"['red', 'redness']"
Lachsschinken,rosa,7,colors,[],"['rose', 'rosebush', 'pink']"
Lachsschinken,rot,8,colors,[],"['red', 'redness']"
Lampe,gelb,1,colors,"['light', 'lamp', 'cigarette lighter', 'lighter', 'pocket lighter', 'igniter', 'ignitor']","['yellow', 'yellowness']"
Lauch,blau,1,colors,"['genus Allium', 'Allium', 'Caloscordum']","['blue', 'blueness']"
Lauch,grün,17,colors,"['genus Allium', 'Allium', 'Caloscordum']","['green', 'viridity', 'greenness']"
Lauch,weiß,7,colors,"['genus Allium', 'Allium', 'Caloscordum']","['whiteness', 'white', 'colorimetric whiteness']"
Leber,braun,3,colors,['liver'],"['brown', 'brownness', 'Aquilus']"
Leber,rot,1,colors,['liver'],"['red', 'redness']"
Leberwurst,braun,1,colors,"['liver sausage', 'liver pudding', 'liverwurst']","['brown', 'brownness', 'Aquilus']"
Leberwurst,rosa,1,colors,"['liver sausage', 'liver pudding', 'liverwurst']","['rose', 'rosebush', 'pink']"
Leberwurst,rot,3,colors,"['liver sausage', 'liver pudding', 'liverwurst']","['red', 'redness']"
Leder,braun,4,colors,"['leather goods', 'leather']","['brown', 'brownness', 'Aquilus']"
Leder,schwarz,1,colors,"['leather goods', 'leather']","['black', 'color', 'coloring', 'colouring', 'complexion', 'colour', 'lists of colors', 'blackness', 'inkiness']"
Licht,gelb,2,colors,"['light', 'light source', 'visible light', 'visible radiation']","['yellow', 'yellowness']"
Licht,weiß,1,colors,"['light', 'light source', 'visible light', 'visible radiation']","['whiteness', 'white', 'colorimetric whiteness']"
Lichtschalter,weiß,1,colors,['light switch'],"['whiteness', 'white', 'colorimetric whiteness']"
Löffel,silber,2,colors,['spoon'],"['silver', 'Ag', 'ash gray', 'silver gray', 'ash grey', 'silver grey']"
Löwe,braun,2,colors,"['Leo', 'lion', 'Panthera leo', 'king of beasts']","['brown', 'brownness', 'Aquilus']"
Löwe,gelb,1,colors,"['Leo', 'lion', 'Panthera leo', 'king of beasts']","['yellow', 'yellowness']"
Löwenzahn,gelb,10,colors,"['Taraxacum ruderalia', 'Taraxacum officinale', 'common dandelion']","['yellow', 'yellowness']"
Löwenzahn,grün,1,colors,"['Taraxacum ruderalia', 'Taraxacum officinale', 'common dandelion']","['green', 'viridity', 'greenness']"
Löwenzahn,weiß,2,colors,"['Taraxacum ruderalia', 'Taraxacum officinale', 'common dandelion']","['whiteness', 'white', 'colorimetric whiteness']"
Mais,gelb,8,colors,"['maize', 'corn', 'Indian corn', 'Zea mays']","['yellow', 'yellowness']"
Maisfeld,gelb,2,colors,"['corn field', 'cornfield']","['yellow', 'yellowness']"
Maisfeld,grün,3,colors,"['corn field', 'cornfield']","['green', 'viridity', 'greenness']"
Maiskolben,gelb,8,colors,"['maize', 'corn', 'Indian corn', 'Zea mays']","['yellow', 'yellowness']"
Maiskolben,grün,1,colors,"['maize', 'corn', 'Indian corn', 'Zea mays']","['green', 'viridity', 'greenness']"
Maiskolben,weiß,1,colors,"['maize', 'corn', 'Indian corn', 'Zea mays']","['whiteness', 'white', 'colorimetric whiteness']"
Mantel,braun,1,colors,"['cloak', 'coat', 'jacket']","['brown', 'brownness', 'Aquilus']"
Mantel,schwarz,1,colors,"['cloak', 'coat', 'jacket']","['black', 'color', 'coloring', 'colouring', 'complexion', 'colour', 'lists of colors', 'blackness', 'inkiness']"
Marienkäfer,rot,12,colors,"['Coccinellidae', 'family Coccinellidae', 'Coccinella']","['red', 'redness']"
Marienkäfer,schwarz,6,colors,"['Coccinellidae', 'family Coccinellidae', 'Coccinella']","['black', 'color', 'coloring', 'colouring', 'complexion', 'colour', 'lists of colors', 'blackness', 'inkiness']"
Maulwurf,braun,1,colors,"['bulwark', 'breakwater', 'seawall', 'mole', 'groin', 'jetty', 'groyne', 'sea wall']","['brown', 'brownness', 'Aquilus']"
Maulwurf,schwarz,3,colors,"['bulwark', 'breakwater', 'seawall', 'mole', 'groin', 'jetty', 'groyne', 'sea wall']","['black', 'color', 'coloring', 'colouring', 'complexion', 'colour', 'lists of colors', 'blackness', 'inkiness']"
Maus,grau,4,colors,"['mouse', 'rat', 'Mus', 'computer mouse']","['gray', 'grey', 'greyness', 'grayness']"
Meer,blau,1,colors,['sea'],"['blue', 'blueness']"
Meerschweinchen,rot,1,colors,"['guinea pig', 'Cavia cobaya', 'Cavia porcellus']","['red', 'redness']"
Melone,braun,1,colors,"['muskmelon', 'musk melon', 'Cucumis melo', 'sweet melon vine', 'sweet melon', 'melon']","['brown', 'brownness', 'Aquilus']"
Melone,grün,1,colors,"['muskmelon', 'musk melon', 'Cucumis melo', 'sweet melon vine', 'sweet melon', 'melon']","['green', 'viridity', 'greenness']"
Melone,rosa,1,colors,"['muskmelon', 'musk melon', 'Cucumis melo', 'sweet melon vine', 'sweet melon', 'melon']","['rose', 'rosebush', 'pink']"
Melone,rot,1,colors,"['muskmelon', 'musk melon', 'Cucumis melo', 'sweet melon vine', 'sweet melon', 'melon']","['red', 'redness']"
Mett,rot,1,colors,"['ground beef', 'hamburger', 'beef mince', 'hamburger patty']","['red', 'redness']"
Mettwurst,braun,1,colors,"['Bologna sausage', 'bologna', 'bologna sausage']","['brown', 'brownness', 'Aquilus']"
Mettwurst,rosa,1,colors,"['Bologna sausage', 'bologna', 'bologna sausage']","['rose', 'rosebush', 'pink']"
Mettwurst,rot,8,colors,"['Bologna sausage', 'bologna', 'bologna sausage']","['red', 'redness']"
Milch,weiß,12,colors,"['full fat milk', 'full cream milk', 'milk', 'unskimmed milk', ""cow's milk"", 'whole milk', 'cow milk', 'animal milk']","['whiteness', 'white', 'colorimetric whiteness']"
Mohr,schwarz,2,colors,"['blackamoor', 'Negroid', 'Black person', 'black', 'Black', 'Negro', 'African-American', 'negroid']","['black', 'color', 'coloring', 'colouring', 'complexion', 'colour', 'lists of colors', 'blackness', 'inkiness']"
Mohrrübe,orange,7,colors,"['carrot', 'cultivated carrot', 'Daucus carota sativa', 'Daucus carota subsp. halophilus', 'Daucus carota subsp. sativus', 'Daucus carota subsp. azoricus', 'Daucus carota subsp. hispidus', 'Daucus carota subsp. gummifer']","['France Télécom', 'Orange S.A.', 'orangeness']"
Mohrrübe,rot,2,colors,"['carrot', 'cultivated carrot', 'Daucus carota sativa', 'Daucus carota subsp. halophilus', 'Daucus carota subsp. sativus', 'Daucus carota subsp. azoricus', 'Daucus carota subsp. hispidus', 'Daucus carota subsp. gummifer']","['red', 'redness']"
Motorrad,ocker,1,colors,"['motorbike', 'motorcycle', 'bike', 'minibike']","['ocher', 'ochre']"
Mund,rot,3,colors,"['mouth', 'oral cavity', 'oral fissure', 'rima oris', 'buccal cavity', 'vestibule of mouth']","['red', 'redness']"
Mülleimer,schwarz,1,colors,"['waste container', 'dustbin', 'trash can', 'wastebin', 'garbage can', 'ashbin', 'ash-bin', 'ash bin', 'trash barrel', 'trash bin', 'ashcan']","['black', 'color', 'coloring', 'colouring', 'complexion', 'colour', 'lists of colors', 'blackness', 'inkiness']"
Mülltonne,blau,1,colors,"['waste container', 'dustbin', 'trash can', 'wastebin', 'garbage can', 'ashbin', 'ash-bin', 'ash bin', 'trash barrel', 'trash bin', 'ashcan']","['blue', 'blueness']"
Mülltonne,braun,1,colors,"['waste container', 'dustbin', 'trash can', 'wastebin', 'garbage can', 'ashbin', 'ash-bin', 'ash bin', 'trash barrel', 'trash bin', 'ashcan']","['brown', 'brownness', 'Aquilus']"
Mülltonne,gelb,2,colors,"['waste container', 'dustbin', 'trash can', 'wastebin', 'garbage can', 'ashbin', 'ash-bin', 'ash bin', 'trash barrel', 'trash bin', 'ashcan']","['yellow', 'yellowness']"
Mülltonne,schwarz,2,colors,"['waste container', 'dustbin', 'trash can', 'wastebin', 'garbage can', 'ashbin', 'ash-bin', 'ash bin', 'trash barrel', 'trash bin', 'ashcan']","['black', 'color', 'coloring', 'colouring', 'complexion', 'colour', 'lists of colors', 'blackness', 'inkiness']"
Nacht,schwarz,1,colors,"['night-time', 'nighttime', 'night', 'dark']","['black', 'color', 'coloring', 'colouring', 'complexion', 'colour', 'lists of colors', 'blackness', 'inkiness']"
Nachttisch,braun,1,colors,"['night table', 'bedside table', 'night-stand', 'night stand', 'nightstand']","['brown', 'brownness', 'Aquilus']"
Nagel,silber,1,colors,"['fingernail', 'nail', 'spike']","['silver', 'Ag', 'ash gray', 'silver gray', 'ash grey', 'silver grey']"
Nagellack,rot,2,colors,"['nail polish', 'nail varnish', 'nail enamel']","['red', 'redness']"
Nagellack,weiß,1,colors,"['nail polish', 'nail varnish', 'nail enamel']","['whiteness', 'white', 'colorimetric whiteness']"
Nase,rot,1,colors,"['nose', 'olfactory organ']","['red', 'redness']"
Nasenbär,schwarz,1,colors,"['Nasua narica', 'coati-mondi', 'coati-mundi', 'coon cat', 'coati', 'coatimundi', 'white-nosed coati', 'White-nosed Coati', 'Coati']","['black', 'color', 'coloring', 'colouring', 'complexion', 'colour', 'lists of colors', 'blackness', 'inkiness']"
Nashorn,grau,4,colors,"['rhinoceros', 'rhino']","['gray', 'grey', 'greyness', 'grayness']"
Nilpferd,grau,5,colors,"['hippopotamus', 'hippo', 'Hippopotamus amphibius', 'river horse']","['gray', 'grey', 'greyness', 'grayness']"
Nilpferd,lila,1,colors,"['hippopotamus', 'hippo', 'Hippopotamus amphibius', 'river horse']","['purpleness', 'purple', 'violet', 'reddish blue']"
Nudel,gelb,5,colors,['noodle'],"['yellow', 'yellowness']"
Nudel,weiß,1,colors,['noodle'],"['whiteness', 'white', 'colorimetric whiteness']"
Nummernschild,schwarz,3,colors,"['license plate', 'number plate', 'plate', 'registration plate', 'licence plate', 'numberplate', 'vehicle registration plate']","['black', 'color', 'coloring', 'colouring', 'complexion', 'colour', 'lists of colors', 'blackness', 'inkiness']"
Nummernschild,weiß,3,colors,"['license plate', 'number plate', 'plate', 'registration plate', 'licence plate', 'numberplate', 'vehicle registration plate']","['whiteness', 'white', 'colorimetric whiteness']"
Nuss,braun,2,colors,"['Neuss', 'head', 'caput']","['brown', 'brownness', 'Aquilus']"
Papier,gelb,1,colors,"['evening newspaper', 'evening paper', 'gazette', 'daily', 'newspaper', 'daily newspaper', 'paper', 'written news media']","['yellow', 'yellowness']"
Papier,weiß,12,colors,"['evening newspaper', 'evening paper', 'gazette', 'daily', 'newspaper', 'daily newspaper', 'paper', 'written news media']","['whiteness', 'white', 'colorimetric whiteness']"
Pasta,gelb,4,colors,['alimentary paste'],"['yellow', 'yellowness']"
Pfau,blau,1,colors,"['Pavo cristatus', 'blue peafowl', 'Indian peafowl']","['blue', 'blueness']"
Pfau,grün,1,colors,"['Pavo cristatus', 'blue peafowl', 'Indian peafowl']","['green', 'viridity', 'greenness']"
Pfauenfeder,blau,1,colors,[],"['blue', 'blueness']"
Pfauenfeder,grün,3,colors,[],"['green', 'viridity', 'greenness']"
Pfeffer,grau,1,colors,"['genus Piper', 'Piper']","['gray', 'grey', 'greyness', 'grayness']"
Pfeffer,grün,1,colors,"['genus Piper', 'Piper']","['green', 'viridity', 'greenness']"
Pfeffer,rot,1,colors,"['genus Piper', 'Piper']","['red', 'redness']"
Pfeffer,schwarz,5,colors,"['genus Piper', 'Piper']","['black', 'color', 'coloring', 'colouring', 'complexion', 'colour', 'lists of colors', 'blackness', 'inkiness']"
Pfeffer,weiß,3,colors,"['genus Piper', 'Piper']","['whiteness', 'white', 'colorimetric whiteness']"
Pfeffermühle,schwarz,1,colors,"['pepper mill', 'pepper grinder', 'burr mill']","['black', 'color', 'coloring', 'colouring', 'complexion', 'colour', 'lists of colors', 'blackness', 'inkiness']"
Pferd,braun,1,colors,"['horse', 'Equus caballus']","['brown', 'brownness', 'Aquilus']"
Pilz,grün,1,colors,"['fungus', 'mycete', 'mushroom']","['green', 'viridity', 'greenness']"
Post,gelb,6,colors,"['post office', 'local post office']","['yellow', 'yellowness']"
Postbote,gelb,3,colors,"['carrier', 'mailman', 'postman', 'mail carrier', 'letter carrier']","['yellow', 'yellowness']"
Presse,rot,2,colors,"['evening newspaper', 'evening paper', 'gazette', 'daily', 'newspaper', 'daily newspaper', 'paper', 'written news media', 'media', 'journalism', 'news media']","['red', 'redness']"
Pudel,schwarz,1,colors,"['poodle', 'poodle dog']","['black', 'color', 'coloring', 'colouring', 'complexion', 'colour', 'lists of colors', 'blackness', 'inkiness']"
Pudel,weiß,1,colors,"['poodle', 'poodle dog']","['whiteness', 'white', 'colorimetric whiteness']"
Radkappe,schwarz,1,colors,['hubcap'],"['black', 'color', 'coloring', 'colouring', 'complexion', 'colour', 'lists of colors', 'blackness', 'inkiness']"
Reet,beige,1,colors,[],['ecru']
Reet,braun,1,colors,[],"['brown', 'brownness', 'Aquilus']"
Reetdach,gelb,1,colors,['thatching'],"['yellow', 'yellowness']"
Regenmantel,gelb,3,colors,"['raincoat', 'slicker', 'waterproof']","['yellow', 'yellowness']"
Regenmantel,grau,1,colors,"['raincoat', 'slicker', 'waterproof']","['gray', 'grey', 'greyness', 'grayness']"
Regenschirm,schwarz,2,colors,['umbrella'],"['black', 'color', 'coloring', 'colouring', 'complexion', 'colour', 'lists of colors', 'blackness', 'inkiness']"
Reifen,schwarz,5,colors,"['tyre', 'car tire', 'tire', 'car tyre', 'ring', 'band']","['black', 'color', 'coloring', 'colouring', 'complexion', 'colour', 'lists of colors', 'blackness', 'inkiness']"
Rittersporn,rot,1,colors,"['delphinium', 'Delphinium']","['red', 'redness']"
Rose,grün,1,colors,"['rosebush', 'Rosa']","['green', 'viridity', 'greenness']"
Rose,rot,5,colors,"['rosebush', 'Rosa']","['red', 'redness']"
Rose,weiß,1,colors,"['rosebush', 'Rosa']","['whiteness', 'white', 'colorimetric whiteness']"
Rübe,gelb,1,colors,"['head', 'caput', 'beet', 'common beet', 'Beta vulgaris']","['yellow', 'yellowness']"
Rübe,orange,1,colors,"['head', 'caput', 'beet', 'common beet', 'Beta vulgaris']","['France Télécom', 'Orange S.A.', 'orangeness']"
Rübe,rot,1,colors,"['head', 'caput', 'beet', 'common beet', 'Beta vulgaris']","['red', 'redness']"
Rübe,weiß,1,colors,"['head', 'caput', 'beet', 'common beet', 'Beta vulgaris']","['whiteness', 'white', 'colorimetric whiteness']"
Sack,braun,3,colors,"['scrotum', 'bag', 'paper bag', 'carrier bag', 'poke', 'plastic shopping bag', 'pocket', 'trouser pocket']","['brown', 'brownness', 'Aquilus']"
Salat,grün,3,colors,"['salaah', 'salah', 'salaat', 'salad']","['green', 'viridity', 'greenness']"
Sand,braun,2,colors,"['sands', 'litoral', 'littoral zone', 'littoral']","['brown', 'brownness', 'Aquilus']"
Sand,gelb,4,colors,"['sands', 'litoral', 'littoral zone', 'littoral']","['yellow', 'yellowness']"
Sand,weiß,1,colors,"['sands', 'litoral', 'littoral zone', 'littoral']","['whiteness', 'white', 'colorimetric whiteness']"
Schach,schwarz,4,colors,"['chess', 'chess game', 'chess match']","['black', 'color', 'coloring', 'colouring', 'complexion', 'colour', 'lists of colors', 'blackness', 'inkiness']"
Schach,weiß,4,colors,"['chess', 'chess game', 'chess match']","['whiteness', 'white', 'colorimetric whiteness']"
Schachbrett,schwarz,13,colors,"['chessboard', 'chess board']","['black', 'color', 'coloring', 'colouring', 'complexion', 'colour', 'lists of colors', 'blackness', 'inkiness']"
Schachbrett,weiß,13,colors,"['chessboard', 'chess board']","['whiteness', 'white', 'colorimetric whiteness']"
Schildkröte,grün,2,colors,['turtle'],"['green', 'viridity', 'greenness']"
Schinken,braun,1,colors,"['ham', 'jambon', 'gammon', 'Gammon', 'raw ham']","['brown', 'brownness', 'Aquilus']"
Schinken,rot,2,colors,"['ham', 'jambon', 'gammon', 'Gammon', 'raw ham']","['red', 'redness']"
Schlauch,gelb,1,colors,"['hosiery', 'hose']","['yellow', 'yellowness']"
Schlauch,grün,1,colors,"['hosiery', 'hose']","['green', 'viridity', 'greenness']"
Schlauch,rot,1,colors,"['hosiery', 'hose']","['red', 'redness']"
Schlauch,schwarz,1,colors,"['hosiery', 'hose']","['black', 'color', 'coloring', 'colouring', 'complexion', 'colour', 'lists of colors', 'blackness', 'inkiness']"
Schlauchboot,gelb,1,colors,"['row-boat', 'rowboat', 'rowing boat', 'dory', 'dinghy']","['yellow', 'yellowness']"
Schlittenhund,blau,1,colors,"['dalmatian', 'coach dog', 'carriage dog', 'Dalmatian']","['blue', 'blueness']"
Schlittenhund,grau,1,colors,"['dalmatian', 'coach dog', 'carriage dog', 'Dalmatian']","['gray', 'grey', 'greyness', 'grayness']"
Schlittenhund,schwarz,1,colors,"['dalmatian', 'coach dog', 'carriage dog', 'Dalmatian']","['black', 'color', 'coloring', 'colouring', 'complexion', 'colour', 'lists of colors', 'blackness', 'inkiness']"
Schlittenhund,weiß,2,colors,"['dalmatian', 'coach dog', 'carriage dog', 'Dalmatian']","['whiteness', 'white', 'colorimetric whiteness']"
Schneckenhaus,braun,1,colors,['gastropod shell'],"['brown', 'brownness', 'Aquilus']"
Schnee,gelb,1,colors,"['snow cover', 'snow', 'snowfall', 'snow mantle']","['yellow', 'yellowness']"
Schnee,weiß,16,colors,"['snow cover', 'snow', 'snowfall', 'snow mantle']","['whiteness', 'white', 'colorimetric whiteness']"
Schneeball,weiß,7,colors,"['Viburnum opulus', 'European cranberry bush', 'guelder rose', 'crampbark', 'European cranberrybush', 'cranberry tree']","['whiteness', 'white', 'colorimetric whiteness']"
Schneemann,rot,5,colors,['snowman'],"['red', 'redness']"
Schneemann,weiß,3,colors,['snowman'],"['whiteness', 'white', 'colorimetric whiteness']"
Schnittlauch,grün,5,colors,"['chives', 'schnittlaugh', 'chive', 'Allium schoenoprasum', 'cive']","['green', 'viridity', 'greenness']"
Schnittlauch,lila,1,colors,"['chives', 'schnittlaugh', 'chive', 'Allium schoenoprasum', 'cive']","['purpleness', 'purple', 'violet', 'reddish blue']"
Schnittlauch,rosa,1,colors,"['chives', 'schnittlaugh', 'chive', 'Allium schoenoprasum', 'cive']","['rose', 'rosebush', 'pink']"
Schnittlauch,rot,1,colors,"['chives', 'schnittlaugh', 'chive', 'Allium schoenoprasum', 'cive']","['red', 'redness']"
Schnuppe,schwarz,1,colors,[],"['black', 'color', 'coloring', 'colouring', 'complexion', 'colour', 'lists of colors', 'blackness', 'inkiness']"
Schornstein,schwarz,3,colors,['chimney'],"['black', 'color', 'coloring', 'colouring', 'complexion', 'colour', 'lists of colors', 'blackness', 'inkiness']"
Schuh,rot,1,colors,['shoe'],"['red', 'redness']"
Schuh,schwarz,1,colors,['shoe'],"['black', 'color', 'coloring', 'colouring', 'complexion', 'colour', 'lists of colors', 'blackness', 'inkiness']"
Schule,beige,1,colors,"['school', 'university', 'academy', 'herd']",['ecru']
Schweinchen,rosa,4,colors,"['piglet', 'shoat', 'piggy', 'shote', 'pig']","['rose', 'rosebush', 'pink']"
Schweinchen,schwarz,1,colors,"['piglet', 'shoat', 'piggy', 'shote', 'pig']","['black', 'color', 'coloring', 'colouring', 'complexion', 'colour', 'lists of colors', 'blackness', 'inkiness']"
Seehund,grau,1,colors,"['harbour seal', 'common seal', 'harbor seal', 'Phoca vitulina', 'Harbour Seal']","['gray', 'grey', 'greyness', 'grayness']"
Seemann,blau,1,colors,"['seaman', 'tar', 'seafarer', 'Jack-tar', 'mariner', 'gob', 'old salt', 'Jack', 'sea dog', 'Jack Shephard', 'crewman', 'sailor']","['blue', 'blueness']"
Seemann,weiß,1,colors,"['seaman', 'tar', 'seafarer', 'Jack-tar', 'mariner', 'gob', 'old salt', 'Jack', 'sea dog', 'Jack Shephard', 'crewman', 'sailor']","['whiteness', 'white', 'colorimetric whiteness']"
Seerose,gelb,1,colors,"['genus Nymphaea', 'Nymphaea']","['yellow', 'yellowness']"
Seerose,rosa,3,colors,"['genus Nymphaea', 'Nymphaea']","['rose', 'rosebush', 'pink']"
Seerose,weiß,4,colors,"['genus Nymphaea', 'Nymphaea']","['whiteness', 'white', 'colorimetric whiteness']"
Seestern,orange,1,colors,"['sea stars', 'starfish', 'sea star']","['France Télécom', 'Orange S.A.', 'orangeness']"
Seezunge,grau,1,colors,"['sole', 'tonguefish']","['gray', 'grey', 'greyness', 'grayness']"
Seezunge,silber,1,colors,"['sole', 'tonguefish']","['silver', 'Ag', 'ash gray', 'silver gray', 'ash grey', 'silver grey']"
Seezunge,weiß,1,colors,"['sole', 'tonguefish']","['whiteness', 'white', 'colorimetric whiteness']"
Seife,weiß,1,colors,['soap'],"['whiteness', 'white', 'colorimetric whiteness']"
Seil,braun,1,colors,['rope'],"['brown', 'brownness', 'Aquilus']"
Sonne,gelb,5,colors,"['star', 'sun', 'Sun']","['yellow', 'yellowness']"
Sonne,rot,1,colors,"['star', 'sun', 'Sun']","['red', 'redness']"
Sonnenblume,braun,1,colors,"['Helianthus annuus', 'common sunflower', 'mirasol', 'sunflower']","['brown', 'brownness', 'Aquilus']"
Sonnenblume,gelb,10,colors,"['Helianthus annuus', 'common sunflower', 'mirasol', 'sunflower']","['yellow', 'yellowness']"
Sonnenbrille,schwarz,2,colors,"['sun glasses', 'sunglasses', 'shades', 'sun cheaters', 'dark glasses']","['black', 'color', 'coloring', 'colouring', 'complexion', 'colour', 'lists of colors', 'blackness', 'inkiness']"
Sonnencreme,gelb,1,colors,"['sunscreen', 'sun blocker', 'sunblock']","['yellow', 'yellowness']"
Sonnencreme,weiß,2,colors,"['sunscreen', 'sun blocker', 'sunblock']","['whiteness', 'white', 'colorimetric whiteness']"
Spiegel,gelb,2,colors,"['glass', 'mirror', 'panel']","['yellow', 'yellowness']"
Spiegelei,gelb,12,colors,"['sunnyside up', 'fried egg']","['yellow', 'yellowness']"
Spiegelei,rot,2,colors,"['sunnyside up', 'fried egg']","['red', 'redness']"
Spiegelei,weiß,12,colors,"['sunnyside up', 'fried egg']","['whiteness', 'white', 'colorimetric whiteness']"
Stachelbeere,gelb,1,colors,"['gooseberry bush', 'gooseberry', 'Ribes grossularia', 'Ribes uva-crispa']","['yellow', 'yellowness']"
Stachelbeere,grün,5,colors,"['gooseberry bush', 'gooseberry', 'Ribes grossularia', 'Ribes uva-crispa']","['green', 'viridity', 'greenness']"
Stachelbeere,rot,1,colors,"['gooseberry bush', 'gooseberry', 'Ribes grossularia', 'Ribes uva-crispa']","['red', 'redness']"
Stein,grau,3,colors,"['stone', 'rock', 'pebble']","['gray', 'grey', 'greyness', 'grayness']"
Stein,weiß,1,colors,"['stone', 'rock', 'pebble']","['whiteness', 'white', 'colorimetric whiteness']"
Stereoanlage,schwarz,1,colors,"['stereophonic system', 'stereo', 'stereophony', 'stereo system']","['black', 'color', 'coloring', 'colouring', 'complexion', 'colour', 'lists of colors', 'blackness', 'inkiness']"
Stereoanlage,silber,1,colors,"['stereophonic system', 'stereo', 'stereophony', 'stereo system']","['silver', 'Ag', 'ash gray', 'silver gray', 'ash grey', 'silver grey']"
Stern,gold,1,colors,['star'],"['Au', 'amber', 'golden brown']"
Stift,blau,1,colors,['pen'],"['blue', 'blueness']"
Stift,rot,1,colors,['pen'],"['red', 'redness']"
Stift,schwarz,1,colors,['pen'],"['black', 'color', 'coloring', 'colouring', 'complexion', 'colour', 'lists of colors', 'blackness', 'inkiness']"
Strand,gelb,1,colors,"['beach', 'seacoast', 'sea-coast', 'seashore', 'coast']","['yellow', 'yellowness']"
Strand,weiß,1,colors,"['beach', 'seacoast', 'sea-coast', 'seashore', 'coast']","['whiteness', 'white', 'colorimetric whiteness']"
Strauß,grün,1,colors,"['ostrich', 'Struthio camelus', 'Struthio', 'clustering', 'cluster', 'bunch', 'clump']","['green', 'viridity', 'greenness']"
Strauß,schwarz,1,colors,"['ostrich', 'Struthio camelus', 'Struthio', 'clustering', 'cluster', 'bunch', 'clump']","['black', 'color', 'coloring', 'colouring', 'complexion', 'colour', 'lists of colors', 'blackness', 'inkiness']"
Straße,grau,1,colors,"['road', 'route', 'street']","['gray', 'grey', 'greyness', 'grayness']"
Straße,schwarz,1,colors,"['road', 'route', 'street']","['black', 'color', 'coloring', 'colouring', 'complexion', 'colour', 'lists of colors', 'blackness', 'inkiness']"
Stroh,gelb,10,colors,['straw'],"['yellow', 'yellowness']"
Stroh,gold,1,colors,['straw'],"['Au', 'amber', 'golden brown']"
Strohhalm,gelb,1,colors,['straw'],"['yellow', 'yellowness']"
Strumpfhose,braun,1,colors,['pantyhose'],"['brown', 'brownness', 'Aquilus']"
Strumpfhose,schwarz,1,colors,['pantyhose'],"['black', 'color', 'coloring', 'colouring', 'complexion', 'colour', 'lists of colors', 'blackness', 'inkiness']"
Stäbchen,braun,1,colors,"['chopstick', 'chopsticks', 'Saibashi']","['brown', 'brownness', 'Aquilus']"
Suppenteller,weiß,2,colors,['soup plate'],"['whiteness', 'white', 'colorimetric whiteness']"
Säge,braun,1,colors,"['saw', 'power saw', 'sawing machine']","['brown', 'brownness', 'Aquilus']"
Säge,silber,1,colors,"['saw', 'power saw', 'sawing machine']","['silver', 'Ag', 'ash gray', 'silver gray', 'ash grey', 'silver grey']"
Tanne,braun,1,colors,"['fir', 'fir tree', 'firs', 'true fir', 'Abies']","['brown', 'brownness', 'Aquilus']"
Tanne,grün,5,colors,"['fir', 'fir tree', 'firs', 'true fir', 'Abies']","['green', 'viridity', 'greenness']"
Tannenzapfen,braun,4,colors,"['fir', 'fir tree', 'firs', 'true fir', 'Abies']","['brown', 'brownness', 'Aquilus']"
Taschenmesser,rot,1,colors,"['pocketknife', 'pocket knife']","['red', 'redness']"
Taschentuch,weiß,4,colors,"['handkerchief', 'hanky', 'hankey', 'hankie']","['whiteness', 'white', 'colorimetric whiteness']"
Teddybär,braun,3,colors,"['teddy', 'teddy bear']","['brown', 'brownness', 'Aquilus']"
Tee,braun,2,colors,"['tea', 'tea leaf']","['brown', 'brownness', 'Aquilus']"
Tee,grün,2,colors,"['tea', 'tea leaf']","['green', 'viridity', 'greenness']"
Tee,rot,1,colors,"['tea', 'tea leaf']","['red', 'redness']"
Tee,schwarz,1,colors,"['tea', 'tea leaf']","['black', 'color', 'coloring', 'colouring', 'complexion', 'colour', 'lists of colors', 'blackness', 'inkiness']"
Teelicht,weiß,1,colors,"['candle', 'taper', 'wax light']","['whiteness', 'white', 'colorimetric whiteness']"
Telefonbuch,gelb,3,colors,"['phonebook', 'telephone directory', 'phone book', 'telephone book']","['yellow', 'yellowness']"
Telefonzelle,gelb,3,colors,"['telephone kiosk', 'telephone box', 'call box', 'phone booth', 'telephone booth']","['yellow', 'yellowness']"
Telefonzelle,grau,1,colors,"['telephone kiosk', 'telephone box', 'call box', 'phone booth', 'telephone booth']","['gray', 'grey', 'greyness', 'grayness']"
Telefonzelle,rot,1,colors,"['telephone kiosk', 'telephone box', 'call box', 'phone booth', 'telephone booth']","['red', 'redness']"
Teller,weiß,3,colors,['plate'],"['whiteness', 'white', 'colorimetric whiteness']"
Tennis,gelb,2,colors,['lawn tennis'],"['yellow', 'yellowness']"
Tennis,weiß,1,colors,['lawn tennis'],"['whiteness', 'white', 'colorimetric whiteness']"
Tennisball,gelb,7,colors,['tennis ball'],"['yellow', 'yellowness']"
Tennisball,grün,2,colors,['tennis ball'],"['green', 'viridity', 'greenness']"
Tennisball,weiß,3,colors,['tennis ball'],"['whiteness', 'white', 'colorimetric whiteness']"
Thermometer,rot,1,colors,[],"['red', 'redness']"
Thermometer,silber,7,colors,[],"['silver', 'Ag', 'ash gray', 'silver gray', 'ash grey', 'silver grey']"
Tinte,blau,16,colors,['ink'],"['blue', 'blueness']"
Tinte,rot,1,colors,['ink'],"['red', 'redness']"
Tinte,schwarz,7,colors,['ink'],"['black', 'color', 'coloring', 'colouring', 'complexion', 'colour', 'lists of colors', 'blackness', 'inkiness']"
Tintenfisch,blau,3,colors,"['octopus', 'devilfish', 'Octopoda']","['blue', 'blueness']"
Tintenfisch,weiß,1,colors,"['octopus', 'devilfish', 'Octopoda']","['whiteness', 'white', 'colorimetric whiteness']"
Toilette,weiß,6,colors,"['make-up', 'makeup', 'war paint', 'cosmetics', 'toilet', 'can', 'lavatory', 'loo', 'commode', 'pot', 'throne', 'crapper', 'stool', 'potty', 'chamber pot', 'lav', 'privy', 'john', 'bathroom', 'washroom', 'restroom', 'bog', 'water closet', 'WC']","['whiteness', 'white', 'colorimetric whiteness']"
Toilettenpapier,rot,1,colors,"['toilet paper', 'TP', 'toilet tissue', 'bathroom tissue']","['red', 'redness']"
Toilettenpapier,weiß,10,colors,"['toilet paper', 'TP', 'toilet tissue', 'bathroom tissue']","['whiteness', 'white', 'colorimetric whiteness']"
Truthahn,rot,2,colors,"['Meleagris', 'genus Meleagris', 'turkey', 'Meleagrididae']","['red', 'redness']"
Türklinke,gold,1,colors,"['doorknob', 'door handle', 'doorhandle']","['Au', 'amber', 'golden brown']"
Tüte,weiß,1,colors,"['sack', 'bag', 'paper bag', 'carrier bag', 'poke', 'plastic shopping bag']","['whiteness', 'white', 'colorimetric whiteness']"
Vanille,braun,4,colors,"['vanilla', 'Vanilla', 'Dictyophyllaria']","['brown', 'brownness', 'Aquilus']"
Vanille,gelb,4,colors,"['vanilla', 'Vanilla', 'Dictyophyllaria']","['yellow', 'yellowness']"
Vanille,schwarz,6,colors,"['vanilla', 'Vanilla', 'Dictyophyllaria']","['black', 'color', 'coloring', 'colouring', 'complexion', 'colour', 'lists of colors', 'blackness', 'inkiness']"
Vanilleeis,gelb,4,colors,"['ice cream', 'icecream']","['yellow', 'yellowness']"
Vanilleeis,weiß,3,colors,"['ice cream', 'icecream']","['whiteness', 'white', 'colorimetric whiteness']"
Visite,rot,1,colors,"['medical visit', ""doctor's visit""]","['red', 'redness']"
Visitenkarte,weiß,1,colors,"['card', 'calling card', 'visiting card']","['whiteness', 'white', 'colorimetric whiteness']"
Waage,weiß,1,colors,"['Libra', 'weighing scale', 'scales', 'scale', 'balance', 'weighing machine']","['whiteness', 'white', 'colorimetric whiteness']"
Wal,grau,1,colors,['whale'],"['gray', 'grey', 'greyness', 'grayness']"
Walnuss,braun,5,colors,"['Persian walnut', 'walnut', 'walnut tree', 'common walnut', 'English walnut', 'Juglans', 'genus Juglans', 'Juglans regia']","['brown', 'brownness', 'Aquilus']"
Walnuss,grün,1,colors,"['Persian walnut', 'walnut', 'walnut tree', 'common walnut', 'English walnut', 'Juglans', 'genus Juglans', 'Juglans regia']","['green', 'viridity', 'greenness']"
Wasserhahn,silber,1,colors,"['valve', 'stopcock', 'faucet', 'cock', 'spigot', 'water tap', 'tap', 'hydrant', 'water faucet']","['silver', 'Ag', 'ash gray', 'silver gray', 'ash grey', 'silver grey']"
Wassermelone,gelb,1,colors,"['watermelon', 'watermelon vine', 'Citrullus vulgaris', 'Citrullus lanatus', 'Citrullus amarus']","['yellow', 'yellowness']"
Wassermelone,grün,6,colors,"['watermelon', 'watermelon vine', 'Citrullus vulgaris', 'Citrullus lanatus', 'Citrullus amarus']","['green', 'viridity', 'greenness']"
Wassermelone,rot,8,colors,"['watermelon', 'watermelon vine', 'Citrullus vulgaris', 'Citrullus lanatus', 'Citrullus amarus']","['red', 'redness']"
Wassermelone,schwarz,1,colors,"['watermelon', 'watermelon vine', 'Citrullus vulgaris', 'Citrullus lanatus', 'Citrullus amarus']","['black', 'color', 'coloring', 'colouring', 'complexion', 'colour', 'lists of colors', 'blackness', 'inkiness']"
Wasserwaage,grün,1,colors,"['level', 'spirit level']","['green', 'viridity', 'greenness']"
Watte,weiß,7,colors,"['cotton fibre', 'cotton fiber', 'cotton wool', 'cotton batten', 'cotton plant', 'cotton']","['whiteness', 'white', 'colorimetric whiteness']"
Weihnachten,weiß,1,colors,"['Christmas', 'Xmas', 'Christmas Day']","['whiteness', 'white', 'colorimetric whiteness']"
Weihnachtsbaum,grün,3,colors,['Christmas tree'],"['green', 'viridity', 'greenness']"
Windmühle,rot,1,colors,"['motorway junction', 'interchange']","['red', 'redness']"
Winter,weiß,1,colors,['wintertime'],"['whiteness', 'white', 'colorimetric whiteness']"
Wolf,grau,3,colors,"['Der Fuhrer', 'Hitler', 'Adolf Hitler', 'Führer']","['gray', 'grey', 'greyness', 'grayness']"
Wolle,weiß,3,colors,"['wool', 'sheep wool', 'woolen', 'woollen']","['whiteness', 'white', 'colorimetric whiteness']"
Wurst,rot,3,colors,['sausage'],"['red', 'redness']"
Wäsche,weiß,1,colors,"['clothes', 'thing', 'things', 'garments', 'garment', 'apparel', 'raiment', 'clothing', 'wearable', 'article of clothing', 'wear', 'habiliment', 'vesture']","['whiteness', 'white', 'colorimetric whiteness']"
Würfel,schwarz,1,colors,"['regular hexahedron', 'hexahedron', 'cube', 'die', 'dice']","['black', 'color', 'coloring', 'colouring', 'complexion', 'colour', 'lists of colors', 'blackness', 'inkiness']"
Würfel,weiß,1,colors,"['regular hexahedron', 'hexahedron', 'cube', 'die', 'dice']","['whiteness', 'white', 'colorimetric whiteness']"
Würfelzucker,braun,1,colors,"['sugar', 'cube sugar', 'sugar cube', 'lump sugar', 'refined sugar', 'granulated sugar']","['brown', 'brownness', 'Aquilus']"
Würfelzucker,weiß,6,colors,"['sugar', 'cube sugar', 'sugar cube', 'lump sugar', 'refined sugar', 'granulated sugar']","['whiteness', 'white', 'colorimetric whiteness']"
Zahn,gelb,1,colors,"['tooth', 'teeth', 'human tooth']","['yellow', 'yellowness']"
Zahn,weiß,12,colors,"['tooth', 'teeth', 'human tooth']","['whiteness', 'white', 'colorimetric whiteness']"
Zahnbürste,weiß,1,colors,['toothbrush'],"['whiteness', 'white', 'colorimetric whiteness']"
Zahnkrone,weiß,3,colors,"['crown', 'jacket', 'jacket crown', 'crownwork', 'cap']","['whiteness', 'white', 'colorimetric whiteness']"
Zahnpasta,blau,1,colors,['toothpaste'],"['blue', 'blueness']"
Zahnpasta,weiß,10,colors,['toothpaste'],"['whiteness', 'white', 'colorimetric whiteness']"
Zahnseide,grün,1,colors,"['dental floss', 'floss']","['green', 'viridity', 'greenness']"
Zahnseide,weiß,10,colors,"['dental floss', 'floss']","['whiteness', 'white', 'colorimetric whiteness']"
Ziegel,rot,13,colors,['brick'],"['red', 'redness']"
Ziegelstein,gelb,1,colors,['brick'],"['yellow', 'yellowness']"
Ziegelstein,grau,1,colors,['brick'],"['gray', 'grey', 'greyness', 'grayness']"
Ziegelstein,rot,8,colors,['brick'],"['red', 'redness']"
Zitrone,gelb,13,colors,"['lemon tree', 'Citrus limon', 'lemon', 'Citrus ×limon']","['yellow', 'yellowness']"
Zollstock,gelb,1,colors,['Lebach'],"['yellow', 'yellowness']"
Zollstock,weiß,1,colors,['Lebach'],"['whiteness', 'white', 'colorimetric whiteness']"
Zucker,braun,1,colors,"['sugar', 'cube sugar', 'sugar cube', 'lump sugar', 'refined sugar', 'granulated sugar']","['brown', 'brownness', 'Aquilus']"
Zucker,weiß,11,colors,"['sugar', 'cube sugar', 'sugar cube', 'lump sugar', 'refined sugar', 'granulated sugar']","['whiteness', 'white', 'colorimetric whiteness']"
Zuckerhut,grün,1,colors,"['sugar loaf', 'sugarloaf', 'loaf sugar']","['green', 'viridity', 'greenness']"
Zuckerhut,weiß,3,colors,"['sugar loaf', 'sugarloaf', 'loaf sugar']","['whiteness', 'white', 'colorimetric whiteness']"
Zuckerwatte,rosa,2,colors,"['cotton candy', 'candyfloss', 'spun sugar']","['rose', 'rosebush', 'pink']"
Zuckerwatte,weiß,3,colors,"['cotton candy', 'candyfloss', 'spun sugar']","['whiteness', 'white', 'colorimetric whiteness']"
Zunge,rosa,2,colors,"['language', 'human language', 'linguistic communication', 'tongue', 'glossa', 'clapper', 'lingua', 'muscle of tongue']","['rose', 'rosebush', 'pink']"
Zunge,rot,6,colors,"['language', 'human language', 'linguistic communication', 'tongue', 'glossa', 'clapper', 'lingua', 'muscle of tongue']","['red', 'redness']"
