concept_en,concept_nl,feature_en_en,feature_nl,feature_nl_en,freq_en,freq_nl,total_en,total_other,frac_en,frac_nl,diff
asparagus,asperges,white,wit,"['whiteness', 'white', 'colorimetric whiteness', 'humor', 'humour', 'wit', 'wittiness', 'witticism']",0.0,9.0,44.0,13.0,0.0,0.6923076923076923,0.6923076923076923
toaster,broodrooster,black,zwart,"['black', 'color', 'coloring', 'colouring', 'complexion', 'colour', 'lists of colors', 'blackness', 'inkiness']",0.0,4.0,5.0,6.0,0.0,0.6666666666666666,0.6666666666666666
submarine,duikboot,grey,grijs,"['gray', 'grey', 'greyness', 'grayness']",0.0,8.0,23.0,12.0,0.0,0.6666666666666666,0.6666666666666666
jeep,jeep,grey,grijs,"['gray', 'grey', 'greyness', 'grayness']",0.0,4.0,5.0,6.0,0.0,0.6666666666666666,0.6666666666666666
cabbage,witte kool,white,wit,"['whiteness', 'white', 'colorimetric whiteness', 'humor', 'humour', 'wit', 'wittiness', 'witticism']",7.0,6.0,120.0,9.0,0.058333333333333334,0.6666666666666666,0.6083333333333333
suit,kostuum,black,zwart,"['black', 'color', 'coloring', 'colouring', 'complexion', 'colour', 'lists of colors', 'blackness', 'inkiness']",3.0,7.0,7.0,7.0,0.42857142857142855,1.0,0.5714285714285714
pan,kookpot,grey,grijs,"['gray', 'grey', 'greyness', 'grayness']",0.0,4.0,6.0,7.0,0.0,0.5714285714285714,0.5714285714285714
dove,duif,grey,grijs,"['gray', 'grey', 'greyness', 'grayness']",0.0,12.0,25.0,21.0,0.0,0.5714285714285714,0.5714285714285714
donkey,ezel,grey,grijs,"['gray', 'grey', 'greyness', 'grayness']",1.0,14.0,7.0,20.0,0.14285714285714285,0.7,0.5571428571428572
trombone,trombone,yellow,goud,"['gold', 'Au', 'yellow', 'yellowness', 'amber', 'golden brown']",0.0,3.0,6.0,6.0,0.0,0.5,0.5
saxophone,saxofoon,yellow,goud,"['gold', 'Au', 'yellow', 'yellowness', 'amber', 'golden brown']",0.0,4.0,7.0,8.0,0.0,0.5,0.5
dishes,bestek,white,zilver,"['silver', 'Ag', 'whiteness', 'white', 'colorimetric whiteness', 'ash gray', 'silver gray', 'ash grey', 'silver grey']",0.0,5.0,16.0,10.0,0.0,0.5,0.5
basketball,basketbal,gold,oranje,"['pumpkin', 'tomato', 'orangeness', 'orange', 'amber', 'gold', 'golden brown']",0.0,7.0,28.0,14.0,0.0,0.5,0.5
avocado,advocaat,yellow,geel,"['yellow', 'yellowness']",0.0,4.0,19.0,8.0,0.0,0.5,0.5
rat,muis,grey,grijs,"['gray', 'grey', 'greyness', 'grayness']",0.0,18.0,5.0,37.0,0.0,0.4864864864864865,0.4864864864864865
orange,sinaasappel,gold,oranje,"['pumpkin', 'tomato', 'orangeness', 'orange', 'amber', 'gold', 'golden brown']",0.0,9.0,21.0,20.0,0.0,0.45,0.45
robin,roodborstje,red,rood,"['red', 'redness']",14.0,8.0,25.0,8.0,0.56,1.0,0.43999999999999995
owl,uil,white,wit,"['whiteness', 'white', 'colorimetric whiteness', 'humor', 'humour', 'wit', 'wittiness', 'witticism']",0.0,3.0,7.0,7.0,0.0,0.42857142857142855,0.42857142857142855
carrot,wortel,gold,oranje,"['pumpkin', 'tomato', 'orangeness', 'orange', 'amber', 'gold', 'golden brown']",0.0,9.0,65.0,21.0,0.0,0.42857142857142855,0.42857142857142855
cocaine,cola,black,zwart,"['black', 'color', 'coloring', 'colouring', 'complexion', 'colour', 'lists of colors', 'blackness', 'inkiness']",0.0,8.0,61.0,19.0,0.0,0.42105263157894735,0.42105263157894735
blueberry,bosbes,red,rood,"['red', 'redness']",0.0,8.0,27.0,19.0,0.0,0.42105263157894735,0.42105263157894735
deer,hert,brown,bruin,"['brown', 'brownness', 'Aquilus']",7.0,5.0,12.0,5.0,0.5833333333333334,1.0,0.41666666666666663
tiger,tijger,gold,oranje,"['pumpkin', 'tomato', 'orangeness', 'orange', 'amber', 'gold', 'golden brown']",1.0,4.0,34.0,9.0,0.029411764705882353,0.4444444444444444,0.41503267973856206
worm,worm,pink,roze,['pink'],0.0,2.0,8.0,5.0,0.0,0.4,0.4
spoon,lepel,grey,grijs,"['gray', 'grey', 'greyness', 'grayness']",0.0,4.0,12.0,10.0,0.0,0.4,0.4
football,voetbal,green,groen,"['environmental awareness', 'environmentalism', 'green', 'viridity', 'greenness']",0.0,2.0,15.0,5.0,0.0,0.4,0.4
flute,dwarsfluit,white,zilver,"['silver', 'Ag', 'whiteness', 'white', 'colorimetric whiteness', 'ash gray', 'silver gray', 'ash grey', 'silver grey']",0.0,6.0,28.0,15.0,0.0,0.4,0.4
balloon,luchtballon,blue,blauw,"['blue', 'blueness']",0.0,2.0,16.0,5.0,0.0,0.4,0.4
peach,perzik,gold,oranje,"['pumpkin', 'tomato', 'orangeness', 'orange', 'amber', 'gold', 'golden brown']",0.0,7.0,36.0,18.0,0.0,0.3888888888888889,0.3888888888888889
trumpet,trompet,yellow,goud,"['gold', 'Au', 'yellow', 'yellowness', 'amber', 'golden brown']",0.0,8.0,5.0,21.0,0.0,0.38095238095238093,0.38095238095238093
lime,citroen,yellow,geel,"['yellow', 'yellowness']",0.0,9.0,96.0,24.0,0.0,0.375,0.375
avocado,advocaat,black,zwart,"['black', 'color', 'coloring', 'colouring', 'complexion', 'colour', 'lists of colors', 'blackness', 'inkiness']",0.0,3.0,19.0,8.0,0.0,0.375,0.375
grape,druif,blue,blauw,"['blue', 'blueness']",0.0,8.0,94.0,24.0,0.0,0.3333333333333333,0.3333333333333333
garlic,look,green,groen,"['environmental awareness', 'environmentalism', 'green', 'viridity', 'greenness']",0.0,2.0,29.0,6.0,0.0,0.3333333333333333,0.3333333333333333
cocaine,cola,red,rood,"['red', 'redness']",0.0,6.0,61.0,19.0,0.0,0.3157894736842105,0.3157894736842105
plate,bord,green,groen,"['environmental awareness', 'environmentalism', 'green', 'viridity', 'greenness']",0.0,3.0,13.0,10.0,0.0,0.3,0.3
bean,bonen,white,wit,"['whiteness', 'white', 'colorimetric whiteness', 'humor', 'humour', 'wit', 'wittiness', 'witticism']",0.0,6.0,32.0,20.0,0.0,0.3,0.3
tomato,pompoen,gold,oranje,"['pumpkin', 'tomato', 'orangeness', 'orange', 'amber', 'gold', 'golden brown']",0.0,9.0,60.0,31.0,0.0,0.2903225806451613,0.2903225806451613
tomato,pompoen,orange,oranje,"['pumpkin', 'tomato', 'orangeness', 'orange', 'amber', 'gold', 'golden brown']",0.0,9.0,60.0,31.0,0.0,0.2903225806451613,0.2903225806451613
pumpkin,pompoen,gold,oranje,"['pumpkin', 'tomato', 'orangeness', 'orange', 'amber', 'gold', 'golden brown']",0.0,9.0,69.0,31.0,0.0,0.2903225806451613,0.2903225806451613
toad,kikker,green,groen,"['environmental awareness', 'environmentalism', 'green', 'viridity', 'greenness']",19.0,9.0,31.0,10.0,0.6129032258064516,0.9,0.2870967741935484
wrench,moersleutel,grey,grijs,"['gray', 'grey', 'greyness', 'grayness']",0.0,2.0,5.0,7.0,0.0,0.2857142857142857,0.2857142857142857
pan,kookpot,black,zwart,"['black', 'color', 'coloring', 'colouring', 'complexion', 'colour', 'lists of colors', 'blackness', 'inkiness']",0.0,2.0,6.0,7.0,0.0,0.2857142857142857,0.2857142857142857
owl,uil,grey,grijs,"['gray', 'grey', 'greyness', 'grayness']",0.0,2.0,7.0,7.0,0.0,0.2857142857142857,0.2857142857142857
bee,bij,yellow,geel,"['yellow', 'yellowness']",44.0,7.0,88.0,9.0,0.5,0.7777777777777778,0.2777777777777778
balloon,luchtballon,red,rood,"['red', 'redness']",2.0,2.0,16.0,5.0,0.125,0.4,0.275
lion,leeuw,yellow,geel,"['yellow', 'yellowness']",4.0,3.0,12.0,5.0,0.3333333333333333,0.6,0.26666666666666666
cocaine,cola,brown,bruin,"['brown', 'brownness', 'Aquilus']",0.0,5.0,61.0,19.0,0.0,0.2631578947368421,0.2631578947368421
nectarine,nectarine,gold,oranje,"['pumpkin', 'tomato', 'orangeness', 'orange', 'amber', 'gold', 'golden brown']",0.0,7.0,15.0,27.0,0.0,0.25925925925925924,0.25925925925925924
pumpkin,tomaat,red,rood,"['red', 'redness']",0.0,8.0,69.0,31.0,0.0,0.25806451612903225,0.25806451612903225
potato,aardappel,yellow,geel,"['yellow', 'yellowness']",1.0,2.0,29.0,7.0,0.034482758620689655,0.2857142857142857,0.25123152709359603
seagull,meeuw,grey,grijs,"['gray', 'grey', 'greyness', 'grayness']",0.0,2.0,19.0,8.0,0.0,0.25,0.25
salmon,zalm,grey,grijs,"['gray', 'grey', 'greyness', 'grayness']",0.0,4.0,23.0,16.0,0.0,0.25,0.25
lime,limoen,yellow,geel,"['yellow', 'yellowness']",0.0,6.0,96.0,24.0,0.0,0.25,0.25
gull,meeuw,grey,grijs,"['gray', 'grey', 'greyness', 'grayness']",0.0,2.0,8.0,8.0,0.0,0.25,0.25
car,auto,red,rood,"['red', 'redness']",2.0,3.0,8.0,6.0,0.25,0.5,0.25
giraffe,giraf,yellow,geel,"['yellow', 'yellowness']",15.0,8.0,41.0,13.0,0.36585365853658536,0.6153846153846154,0.24953095684803006
fox,vos,brown,bruin,"['brown', 'brownness', 'Aquilus']",5.0,4.0,104.0,14.0,0.04807692307692308,0.2857142857142857,0.23763736263736263
grapefruit,pompelmoes,gold,oranje,"['pumpkin', 'tomato', 'orangeness', 'orange', 'amber', 'gold', 'golden brown']",0.0,7.0,67.0,30.0,0.0,0.23333333333333334,0.23333333333333334
kettle,waterkoker,white,wit,"['whiteness', 'white', 'colorimetric whiteness', 'humor', 'humour', 'wit', 'wittiness', 'witticism']",0.0,3.0,6.0,13.0,0.0,0.23076923076923078,0.23076923076923078
shark,haai,white,wit,"['whiteness', 'white', 'colorimetric whiteness', 'humor', 'humour', 'wit', 'wittiness', 'witticism']",0.0,2.0,6.0,9.0,0.0,0.2222222222222222,0.2222222222222222
nectarine,nectarine,,perzik,"['peach', 'peach tree', 'Prunus persica']",0.0,6.0,15.0,27.0,0.0,0.2222222222222222,0.2222222222222222
eggplant,aubergine,green,groen,"['environmental awareness', 'environmentalism', 'green', 'viridity', 'greenness']",13.0,7.0,59.0,16.0,0.22033898305084745,0.4375,0.21716101694915255
worm,worm,white,wit,"['whiteness', 'white', 'colorimetric whiteness', 'humor', 'humour', 'wit', 'wittiness', 'witticism']",0.0,1.0,8.0,5.0,0.0,0.2,0.2
squirrel,eekhoorn,black,zwart,"['black', 'color', 'coloring', 'colouring', 'complexion', 'colour', 'lists of colors', 'blackness', 'inkiness']",0.0,2.0,47.0,10.0,0.0,0.2,0.2
spoon,lepel,white,zilver,"['silver', 'Ag', 'whiteness', 'white', 'colorimetric whiteness', 'ash gray', 'silver gray', 'ash grey', 'silver grey']",0.0,2.0,12.0,10.0,0.0,0.2,0.2
peacock,pauw,purple,paars,"['purpleness', 'purple', 'violet', 'reddish blue']",0.0,2.0,8.0,10.0,0.0,0.2,0.2
iguana,leguaan,brown,bruin,"['brown', 'brownness', 'Aquilus']",0.0,1.0,38.0,5.0,0.0,0.2,0.2
iguana,leguaan,yellow,geel,"['yellow', 'yellowness']",0.0,1.0,38.0,5.0,0.0,0.2,0.2
iguana,leguaan,purple,paars,"['purpleness', 'purple', 'violet', 'reddish blue']",0.0,1.0,38.0,5.0,0.0,0.2,0.2
football,voetbal,blue,blauw,"['blue', 'blueness']",0.0,1.0,15.0,5.0,0.0,0.2,0.2
football,voetbal,black,zwart,"['black', 'color', 'coloring', 'colouring', 'complexion', 'colour', 'lists of colors', 'blackness', 'inkiness']",0.0,1.0,15.0,5.0,0.0,0.2,0.2
elephant,olifant,,ivoor,"['ivory', 'tusk']",0.0,5.0,150.0,25.0,0.0,0.2,0.2
crowbar,breekijzer,grey,grijs,"['gray', 'grey', 'greyness', 'grayness']",0.0,2.0,8.0,10.0,0.0,0.2,0.2
clarinet,klarinet,grey,grijs,"['gray', 'grey', 'greyness', 'grayness']",0.0,2.0,12.0,10.0,0.0,0.2,0.2
cab,taxi,black,zwart,"['black', 'color', 'coloring', 'colouring', 'complexion', 'colour', 'lists of colors', 'blackness', 'inkiness']",0.0,2.0,57.0,10.0,0.0,0.2,0.2
balloon,luchtballon,pink,roze,['pink'],0.0,1.0,16.0,5.0,0.0,0.2,0.2
swan,zwaan,black,zwart,"['black', 'color', 'coloring', 'colouring', 'complexion', 'colour', 'lists of colors', 'blackness', 'inkiness']",1.0,3.0,43.0,14.0,0.023255813953488372,0.21428571428571427,0.1910299003322259
piano,hamer,red,rood,"['red', 'redness']",0.0,3.0,60.0,16.0,0.0,0.1875,0.1875
spider,spin,green,groen,"['environmental awareness', 'environmentalism', 'green', 'viridity', 'greenness']",0.0,2.0,15.0,11.0,0.0,0.18181818181818182,0.18181818181818182
sock,sokken,black,zwart,"['black', 'color', 'coloring', 'colouring', 'complexion', 'colour', 'lists of colors', 'blackness', 'inkiness']",0.0,2.0,6.0,11.0,0.0,0.18181818181818182,0.18181818181818182
sock,sokken,grey,grijs,"['gray', 'grey', 'greyness', 'grayness']",0.0,2.0,6.0,11.0,0.0,0.18181818181818182,0.18181818181818182
lizard,hagedis,grey,grijs,"['gray', 'grey', 'greyness', 'grayness']",0.0,2.0,6.0,11.0,0.0,0.18181818181818182,0.18181818181818182
crocodile,krokodil,brown,bruin,"['brown', 'brownness', 'Aquilus']",0.0,2.0,10.0,11.0,0.0,0.18181818181818182,0.18181818181818182
bra,beha,red,rood,"['red', 'redness']",0.0,2.0,14.0,11.0,0.0,0.18181818181818182,0.18181818181818182
pineapple,ananas,yellow,geel,"['yellow', 'yellowness']",37.0,9.0,51.0,10.0,0.7254901960784313,0.9,0.17450980392156867
grapefruit,pompelmoes,orange,oranje,"['pumpkin', 'tomato', 'orangeness', 'orange', 'amber', 'gold', 'golden brown']",4.0,7.0,67.0,30.0,0.05970149253731343,0.23333333333333334,0.1736318407960199
pepper,paprika,red,rood,"['red', 'redness']",7.0,9.0,58.0,31.0,0.1206896551724138,0.2903225806451613,0.1696329254727475
toaster,broodrooster,blue,blauw,"['blue', 'blueness']",0.0,1.0,5.0,6.0,0.0,0.16666666666666666,0.16666666666666666
toaster,broodrooster,white,wit,"['whiteness', 'white', 'colorimetric whiteness', 'humor', 'humour', 'wit', 'wittiness', 'witticism']",0.0,1.0,5.0,6.0,0.0,0.16666666666666666,0.16666666666666666
onion,ajuin,brown,bruin,"['brown', 'brownness', 'Aquilus']",0.0,1.0,26.0,6.0,0.0,0.16666666666666666,0.16666666666666666
onion,ajuin,gold,oranje,"['pumpkin', 'tomato', 'orangeness', 'orange', 'amber', 'gold', 'golden brown']",0.0,1.0,26.0,6.0,0.0,0.16666666666666666,0.16666666666666666
onion,ajuin,orange,oranje,"['pumpkin', 'tomato', 'orangeness', 'orange', 'amber', 'gold', 'golden brown']",0.0,1.0,26.0,6.0,0.0,0.16666666666666666,0.16666666666666666
grapefruit,pompelmoes,red,rood,"['red', 'redness']",0.0,5.0,67.0,30.0,0.0,0.16666666666666666,0.16666666666666666
goldfish,goudvis,red,rood,"['red', 'redness']",0.0,6.0,43.0,36.0,0.0,0.16666666666666666,0.16666666666666666
car,kar,green,groen,"['environmental awareness', 'environmentalism', 'green', 'viridity', 'greenness']",0.0,1.0,8.0,6.0,0.0,0.16666666666666666,0.16666666666666666
car,auto,black,zwart,"['black', 'color', 'coloring', 'colouring', 'complexion', 'colour', 'lists of colors', 'blackness', 'inkiness']",0.0,1.0,8.0,6.0,0.0,0.16666666666666666,0.16666666666666666
car,auto,blue,blauw,"['blue', 'blueness']",0.0,1.0,8.0,6.0,0.0,0.16666666666666666,0.16666666666666666
bus,koets,gold,goud,"['gold', 'Au', 'yellow', 'yellowness', 'amber', 'golden brown']",0.0,2.0,46.0,12.0,0.0,0.16666666666666666,0.16666666666666666
bus,koets,white,wit,"['whiteness', 'white', 'colorimetric whiteness', 'humor', 'humour', 'wit', 'wittiness', 'witticism']",0.0,2.0,46.0,12.0,0.0,0.16666666666666666,0.16666666666666666
bus,koets,black,zwart,"['black', 'color', 'coloring', 'colouring', 'complexion', 'colour', 'lists of colors', 'blackness', 'inkiness']",0.0,2.0,46.0,12.0,0.0,0.16666666666666666,0.16666666666666666
beetle,kever,red,rood,"['red', 'redness']",0.0,2.0,11.0,12.0,0.0,0.16666666666666666,0.16666666666666666
tongue,tong,red,rood,"['red', 'redness']",3.0,6.0,6.0,9.0,0.5,0.6666666666666666,0.16666666666666663
grape,druif,white,wit,"['whiteness', 'white', 'colorimetric whiteness', 'humor', 'humour', 'wit', 'wittiness', 'witticism']",4.0,5.0,94.0,24.0,0.0425531914893617,0.20833333333333334,0.16578014184397163
rat,mus,brown,bruin,"['brown', 'brownness', 'Aquilus']",0.0,6.0,5.0,37.0,0.0,0.16216216216216217,0.16216216216216217
pepper,paprika,orange,oranje,"['pumpkin', 'tomato', 'orangeness', 'orange', 'amber', 'gold', 'golden brown']",0.0,5.0,58.0,31.0,0.0,0.16129032258064516,0.16129032258064516
pepper,paprika,gold,oranje,"['pumpkin', 'tomato', 'orangeness', 'orange', 'amber', 'gold', 'golden brown']",0.0,5.0,58.0,31.0,0.0,0.16129032258064516,0.16129032258064516
blueberry,bosbes,purple,paars,"['purpleness', 'purple', 'violet', 'reddish blue']",0.0,3.0,27.0,19.0,0.0,0.15789473684210525,0.15789473684210525
taxi,taxi,black,zwart,"['black', 'color', 'coloring', 'colouring', 'complexion', 'colour', 'lists of colors', 'blackness', 'inkiness']",2.0,2.0,47.0,10.0,0.0425531914893617,0.2,0.1574468085106383
zucchini,courgette,purple,paars,"['purpleness', 'purple', 'violet', 'reddish blue']",0.0,2.0,32.0,13.0,0.0,0.15384615384615385,0.15384615384615385
kettle,waterkoker,grey,grijs,"['gray', 'grey', 'greyness', 'grayness']",0.0,2.0,6.0,13.0,0.0,0.15384615384615385,0.15384615384615385
lion,leeuw,brown,bruin,"['brown', 'brownness', 'Aquilus']",3.0,2.0,12.0,5.0,0.25,0.4,0.15000000000000002
nectarine,nectarine,red,rood,"['red', 'redness']",0.0,4.0,15.0,27.0,0.0,0.14814814814814814,0.14814814814814814
wrench,engelse sleutel,yellow,goud,"['gold', 'Au', 'yellow', 'yellowness', 'amber', 'golden brown']",0.0,1.0,5.0,7.0,0.0,0.14285714285714285,0.14285714285714285
wrench,engelse sleutel,gold,goud,"['gold', 'Au', 'yellow', 'yellowness', 'amber', 'golden brown']",0.0,1.0,5.0,7.0,0.0,0.14285714285714285,0.14285714285714285
wrench,engelse sleutel,yellow,geel,"['yellow', 'yellowness']",0.0,1.0,5.0,7.0,0.0,0.14285714285714285,0.14285714285714285
wrench,engelse sleutel,white,zilver,"['silver', 'Ag', 'whiteness', 'white', 'colorimetric whiteness', 'ash gray', 'silver gray', 'ash grey', 'silver grey']",0.0,1.0,5.0,7.0,0.0,0.14285714285714285,0.14285714285714285
trumpet,trompet,yellow,geel,"['yellow', 'yellowness']",0.0,3.0,5.0,21.0,0.0,0.14285714285714285,0.14285714285714285
pan,kookpot,red,rood,"['red', 'redness']",0.0,1.0,6.0,7.0,0.0,0.14285714285714285,0.14285714285714285
fox,vos,gold,oranje,"['pumpkin', 'tomato', 'orangeness', 'orange', 'amber', 'gold', 'golden brown']",0.0,2.0,104.0,14.0,0.0,0.14285714285714285,0.14285714285714285
chickadee,mees,green,groen,"['environmental awareness', 'environmentalism', 'green', 'viridity', 'greenness']",0.0,1.0,23.0,7.0,0.0,0.14285714285714285,0.14285714285714285
chickadee,mees,blue,blauw,"['blue', 'blueness']",0.0,1.0,23.0,7.0,0.0,0.14285714285714285,0.14285714285714285
strawberry,aardbei,red,rood,"['red', 'redness']",45.0,9.0,59.0,10.0,0.7627118644067796,0.9,0.1372881355932204
mouse,mus,brown,bruin,"['brown', 'brownness', 'Aquilus']",2.0,6.0,80.0,37.0,0.025,0.16216216216216217,0.13716216216216218
plum,pruim,brown,bruin,"['brown', 'brownness', 'Aquilus']",0.0,2.0,49.0,15.0,0.0,0.13333333333333333,0.13333333333333333
plum,pruim,,perzik,"['peach', 'peach tree', 'Prunus persica']",0.0,2.0,49.0,15.0,0.0,0.13333333333333333,0.13333333333333333
flute,dwarsfluit,grey,grijs,"['gray', 'grey', 'greyness', 'grayness']",0.0,2.0,28.0,15.0,0.0,0.13333333333333333,0.13333333333333333
ant,mier,brown,bruin,"['brown', 'brownness', 'Aquilus']",0.0,2.0,24.0,15.0,0.0,0.13333333333333333,0.13333333333333333
apple,appel,green,groen,"['environmental awareness', 'environmentalism', 'green', 'viridity', 'greenness']",53.0,8.0,168.0,18.0,0.31547619047619047,0.4444444444444444,0.12896825396825395
potato,aardappel,brown,bruin,"['brown', 'brownness', 'Aquilus']",17.0,5.0,29.0,7.0,0.5862068965517241,0.7142857142857143,0.1280788177339902
raspberry,framboos,pink,roze,['pink'],3.0,2.0,41.0,10.0,0.07317073170731707,0.2,0.12682926829268293
seagull,meeuw,blue,blauw,"['blue', 'blueness']",0.0,1.0,19.0,8.0,0.0,0.125,0.125
pelican,pelikaan,red,rood,"['red', 'redness']",0.0,2.0,9.0,16.0,0.0,0.125,0.125
pelican,pelikaan,gold,oranje,"['pumpkin', 'tomato', 'orangeness', 'orange', 'amber', 'gold', 'golden brown']",0.0,2.0,9.0,16.0,0.0,0.125,0.125
pelican,pelikaan,green,groen,"['environmental awareness', 'environmentalism', 'green', 'viridity', 'greenness']",0.0,2.0,9.0,16.0,0.0,0.125,0.125
pelican,pelikaan,orange,oranje,"['pumpkin', 'tomato', 'orangeness', 'orange', 'amber', 'gold', 'golden brown']",0.0,2.0,9.0,16.0,0.0,0.125,0.125
pelican,pelikaan,pink,roze,['pink'],0.0,2.0,9.0,16.0,0.0,0.125,0.125
gull,meeuw,blue,blauw,"['blue', 'blueness']",0.0,1.0,8.0,8.0,0.0,0.125,0.125
eggplant,aubergine,black,zwart,"['black', 'color', 'coloring', 'colouring', 'complexion', 'colour', 'lists of colors', 'blackness', 'inkiness']",0.0,2.0,59.0,16.0,0.0,0.125,0.125
beaver,bever,yellow,geel,"['yellow', 'yellowness']",0.0,1.0,19.0,8.0,0.0,0.125,0.125
beaver,bever,red,rood,"['red', 'redness']",0.0,1.0,19.0,8.0,0.0,0.125,0.125
cucumber,komkommer,green,groen,"['environmental awareness', 'environmentalism', 'green', 'viridity', 'greenness']",45.0,10.0,51.0,10.0,0.8823529411764706,1.0,0.11764705882352944
corn,mais,green,groen,"['environmental awareness', 'environmentalism', 'green', 'viridity', 'greenness']",3.0,2.0,43.0,11.0,0.06976744186046512,0.18181818181818182,0.11205073995771671
tiger,tijger,brown,bruin,"['brown', 'brownness', 'Aquilus']",0.0,1.0,34.0,9.0,0.0,0.1111111111111111,0.1111111111111111
spaghetti,spaghetti,white,wit,"['whiteness', 'white', 'colorimetric whiteness', 'humor', 'humour', 'wit', 'wittiness', 'witticism']",0.0,1.0,13.0,9.0,0.0,0.1111111111111111,0.1111111111111111
shark,haai,black,zwart,"['black', 'color', 'coloring', 'colouring', 'complexion', 'colour', 'lists of colors', 'blackness', 'inkiness']",0.0,1.0,6.0,9.0,0.0,0.1111111111111111,0.1111111111111111
nectarine,nectarine,yellow,geel,"['yellow', 'yellowness']",0.0,3.0,15.0,27.0,0.0,0.1111111111111111,0.1111111111111111
buffalo,bizon,black,zwart,"['black', 'color', 'coloring', 'colouring', 'complexion', 'colour', 'lists of colors', 'blackness', 'inkiness']",0.0,1.0,26.0,9.0,0.0,0.1111111111111111,0.1111111111111111
bison,bizon,black,zwart,"['black', 'color', 'coloring', 'colouring', 'complexion', 'colour', 'lists of colors', 'blackness', 'inkiness']",0.0,1.0,10.0,9.0,0.0,0.1111111111111111,0.1111111111111111
belt,riem,white,zilver,"['silver', 'Ag', 'whiteness', 'white', 'colorimetric whiteness', 'ash gray', 'silver gray', 'ash grey', 'silver grey']",0.0,1.0,33.0,9.0,0.0,0.1111111111111111,0.1111111111111111
belt,riem,white,wit,"['whiteness', 'white', 'colorimetric whiteness', 'humor', 'humour', 'wit', 'wittiness', 'witticism']",0.0,1.0,33.0,9.0,0.0,0.1111111111111111,0.1111111111111111
belt,riem,silver,zilver,"['silver', 'Ag', 'whiteness', 'white', 'colorimetric whiteness', 'ash gray', 'silver gray', 'ash grey', 'silver grey']",0.0,1.0,33.0,9.0,0.0,0.1111111111111111,0.1111111111111111
goldfish,goudvis,gold,oranje,"['pumpkin', 'tomato', 'orangeness', 'orange', 'amber', 'gold', 'golden brown']",6.0,9.0,43.0,36.0,0.13953488372093023,0.25,0.11046511627906977
rat,mus,grey,grijs,"['gray', 'grey', 'greyness', 'grayness']",0.0,4.0,5.0,37.0,0.0,0.10810810810810811,0.10810810810810811
pepper,paprika,yellow,geel,"['yellow', 'yellowness']",5.0,6.0,58.0,31.0,0.08620689655172414,0.1935483870967742,0.10734149054505004
blueberry,bosbes,black,zwart,"['black', 'color', 'coloring', 'colouring', 'complexion', 'colour', 'lists of colors', 'blackness', 'inkiness']",0.0,2.0,27.0,19.0,0.0,0.10526315789473684,0.10526315789473684
coffee,koffie,black,zwart,"['black', 'color', 'coloring', 'colouring', 'complexion', 'colour', 'lists of colors', 'blackness', 'inkiness']",18.0,8.0,32.0,12.0,0.5625,0.6666666666666666,0.10416666666666663
toad,kikker,yellow,geel,"['yellow', 'yellowness']",0.0,1.0,31.0,10.0,0.0,0.1,0.1
spoon,lepel,gold,goud,"['gold', 'Au', 'yellow', 'yellowness', 'amber', 'golden brown']",0.0,1.0,12.0,10.0,0.0,0.1,0.1
spoon,lepel,yellow,goud,"['gold', 'Au', 'yellow', 'yellowness', 'amber', 'golden brown']",0.0,1.0,12.0,10.0,0.0,0.1,0.1
spinach,spinazie,olive,Olijf,"['olive wood', 'olive grove', 'olive tree', 'olive', 'olive orchard', 'European olive tree', 'Olea europaea']",0.0,1.0,50.0,10.0,0.0,0.1,0.1
sheep,schaap,yellow,geel,"['yellow', 'yellowness']",0.0,1.0,44.0,10.0,0.0,0.1,0.1
sheep,schaap,brown,bruin,"['brown', 'brownness', 'Aquilus']",0.0,1.0,44.0,10.0,0.0,0.1,0.1
salad,sla,yellow,geel,"['yellow', 'yellowness']",0.0,1.0,66.0,10.0,0.0,0.1,0.1
raspberry,framboos,blue,blauw,"['blue', 'blueness']",0.0,1.0,41.0,10.0,0.0,0.1,0.1
pickle,augurken,red,rood,"['red', 'redness']",0.0,1.0,23.0,10.0,0.0,0.1,0.1
peacock,pauw,green,groen,"['environmental awareness', 'environmentalism', 'green', 'viridity', 'greenness']",0.0,1.0,8.0,10.0,0.0,0.1,0.1
lemon,citroen,green,groen,"['environmental awareness', 'environmentalism', 'green', 'viridity', 'greenness']",0.0,1.0,46.0,10.0,0.0,0.1,0.1
jeans,jeans,black,zwart,"['black', 'color', 'coloring', 'colouring', 'complexion', 'colour', 'lists of colors', 'blackness', 'inkiness']",0.0,1.0,22.0,10.0,0.0,0.1,0.1
frog,kikker,yellow,geel,"['yellow', 'yellowness']",0.0,1.0,26.0,10.0,0.0,0.1,0.1
crowbar,koevoet,gold,oranje,"['pumpkin', 'tomato', 'orangeness', 'orange', 'amber', 'gold', 'golden brown']",0.0,1.0,8.0,10.0,0.0,0.1,0.1
crowbar,koevoet,orange,oranje,"['pumpkin', 'tomato', 'orangeness', 'orange', 'amber', 'gold', 'golden brown']",0.0,1.0,8.0,10.0,0.0,0.1,0.1
crowbar,koevoet,yellow,geel,"['yellow', 'yellowness']",0.0,1.0,8.0,10.0,0.0,0.1,0.1
crowbar,breekijzer,white,wit,"['whiteness', 'white', 'colorimetric whiteness', 'humor', 'humour', 'wit', 'wittiness', 'witticism']",0.0,1.0,8.0,10.0,0.0,0.1,0.1
clarinet,klarinet,gold,goud,"['gold', 'Au', 'yellow', 'yellowness', 'amber', 'golden brown']",0.0,1.0,12.0,10.0,0.0,0.1,0.1
clarinet,klarinet,gold,oranje,"['pumpkin', 'tomato', 'orangeness', 'orange', 'amber', 'gold', 'golden brown']",0.0,1.0,12.0,10.0,0.0,0.1,0.1
clarinet,klarinet,orange,oranje,"['pumpkin', 'tomato', 'orangeness', 'orange', 'amber', 'gold', 'golden brown']",0.0,1.0,12.0,10.0,0.0,0.1,0.1
clarinet,klarinet,yellow,goud,"['gold', 'Au', 'yellow', 'yellowness', 'amber', 'golden brown']",0.0,1.0,12.0,10.0,0.0,0.1,0.1
caterpillar,rups,pink,roze,['pink'],0.0,1.0,5.0,10.0,0.0,0.1,0.1
caterpillar,rups,black,zwart,"['black', 'color', 'coloring', 'colouring', 'complexion', 'colour', 'lists of colors', 'blackness', 'inkiness']",0.0,1.0,5.0,10.0,0.0,0.1,0.1
canary,kanarie,green,groen,"['environmental awareness', 'environmentalism', 'green', 'viridity', 'greenness']",0.0,1.0,28.0,10.0,0.0,0.1,0.1
radish,radijs,purple,paars,"['purpleness', 'purple', 'violet', 'reddish blue']",0.0,2.0,40.0,21.0,0.0,0.09523809523809523,0.09523809523809523
radish,radijs,pink,roze,['pink'],0.0,2.0,40.0,21.0,0.0,0.09523809523809523,0.09523809523809523
sock,sokken,red,rood,"['red', 'redness']",0.0,1.0,6.0,11.0,0.0,0.09090909090909091,0.09090909090909091
sock,sokken,blue,blauw,"['blue', 'blueness']",0.0,1.0,6.0,11.0,0.0,0.09090909090909091,0.09090909090909091
lizard,hagedis,yellow,geel,"['yellow', 'yellowness']",0.0,1.0,6.0,11.0,0.0,0.09090909090909091,0.09090909090909091
crow,kraai,orange,oranje,"['pumpkin', 'tomato', 'orangeness', 'orange', 'amber', 'gold', 'golden brown']",0.0,1.0,25.0,11.0,0.0,0.09090909090909091,0.09090909090909091
crow,kraai,gold,oranje,"['pumpkin', 'tomato', 'orangeness', 'orange', 'amber', 'gold', 'golden brown']",0.0,1.0,25.0,11.0,0.0,0.09090909090909091,0.09090909090909091
coconut,kokosnoot,yellow,geel,"['yellow', 'yellowness']",0.0,1.0,40.0,11.0,0.0,0.09090909090909091,0.09090909090909091
cherry,kers,,perzik,"['peach', 'peach tree', 'Prunus persica']",0.0,1.0,48.0,11.0,0.0,0.09090909090909091,0.09090909090909091
cherry,kers,pink,roze,['pink'],0.0,1.0,48.0,11.0,0.0,0.09090909090909091,0.09090909090909091
celery,selder,red,rood,"['red', 'redness']",0.0,1.0,46.0,11.0,0.0,0.09090909090909091,0.09090909090909091
celery,selder,white,wit,"['whiteness', 'white', 'colorimetric whiteness', 'humor', 'humour', 'wit', 'wittiness', 'witticism']",0.0,1.0,46.0,11.0,0.0,0.09090909090909091,0.09090909090909091
cauliflower,bloemkool,black,zwart,"['black', 'color', 'coloring', 'colouring', 'complexion', 'colour', 'lists of colors', 'blackness', 'inkiness']",0.0,1.0,55.0,11.0,0.0,0.09090909090909091,0.09090909090909091
bra,beha,pink,roze,['pink'],0.0,1.0,14.0,11.0,0.0,0.09090909090909091,0.09090909090909091
blackbird,merel,blue,blauw,"['blue', 'blueness']",0.0,1.0,13.0,11.0,0.0,0.09090909090909091,0.09090909090909091
blackbird,merel,gold,oranje,"['pumpkin', 'tomato', 'orangeness', 'orange', 'amber', 'gold', 'golden brown']",0.0,1.0,13.0,11.0,0.0,0.09090909090909091,0.09090909090909091
blackbird,merel,orange,oranje,"['pumpkin', 'tomato', 'orangeness', 'orange', 'amber', 'gold', 'golden brown']",0.0,1.0,13.0,11.0,0.0,0.09090909090909091,0.09090909090909091
submarine,duikboot,,koraal,['coral'],0.0,1.0,23.0,12.0,0.0,0.08333333333333333,0.08333333333333333
submarine,duikboot,black,zwart,"['black', 'color', 'coloring', 'colouring', 'complexion', 'colour', 'lists of colors', 'blackness', 'inkiness']",0.0,1.0,23.0,12.0,0.0,0.08333333333333333,0.08333333333333333
submarine,duikboot,blue,blauw,"['blue', 'blueness']",0.0,1.0,23.0,12.0,0.0,0.08333333333333333,0.08333333333333333
salamander,salamander,red,rood,"['red', 'redness']",0.0,1.0,5.0,12.0,0.0,0.08333333333333333,0.08333333333333333
salamander,salamander,brown,bruin,"['brown', 'brownness', 'Aquilus']",0.0,1.0,5.0,12.0,0.0,0.08333333333333333,0.08333333333333333
salamander,salamander,black,zwart,"['black', 'color', 'coloring', 'colouring', 'complexion', 'colour', 'lists of colors', 'blackness', 'inkiness']",0.0,1.0,5.0,12.0,0.0,0.08333333333333333,0.08333333333333333
goldfish,goudvis,yellow,geel,"['yellow', 'yellowness']",0.0,3.0,43.0,36.0,0.0,0.08333333333333333,0.08333333333333333
goldfish,goudvis,yellow,goud,"['gold', 'Au', 'yellow', 'yellowness', 'amber', 'golden brown']",0.0,3.0,43.0,36.0,0.0,0.08333333333333333,0.08333333333333333
beetle,kever,green,groen,"['environmental awareness', 'environmentalism', 'green', 'viridity', 'greenness']",0.0,1.0,11.0,12.0,0.0,0.08333333333333333,0.08333333333333333
beetle,kever,gold,goud,"['gold', 'Au', 'yellow', 'yellowness', 'amber', 'golden brown']",0.0,1.0,11.0,12.0,0.0,0.08333333333333333,0.08333333333333333
beetle,kever,yellow,goud,"['gold', 'Au', 'yellow', 'yellowness', 'amber', 'golden brown']",0.0,1.0,11.0,12.0,0.0,0.08333333333333333,0.08333333333333333
pumpkin,tomaat,green,groen,"['environmental awareness', 'environmentalism', 'green', 'viridity', 'greenness']",1.0,3.0,69.0,31.0,0.014492753623188406,0.0967741935483871,0.0822814399251987
elephant,olifant,pink,roze,['pink'],0.0,2.0,150.0,25.0,0.0,0.08,0.08
kettle,waterkoker,yellow,geel,"['yellow', 'yellowness']",0.0,1.0,6.0,13.0,0.0,0.07692307692307693,0.07692307692307693
kettle,waterkoker,brown,bruin,"['brown', 'brownness', 'Aquilus']",0.0,1.0,6.0,13.0,0.0,0.07692307692307693,0.07692307692307693
giraffe,giraf,green,groen,"['environmental awareness', 'environmentalism', 'green', 'viridity', 'greenness']",0.0,1.0,41.0,13.0,0.0,0.07692307692307693,0.07692307692307693
giraffe,giraf,gold,oranje,"['pumpkin', 'tomato', 'orangeness', 'orange', 'amber', 'gold', 'golden brown']",0.0,1.0,41.0,13.0,0.0,0.07692307692307693,0.07692307692307693
asparagus,asperges,red,rood,"['red', 'redness']",0.0,1.0,44.0,13.0,0.0,0.07692307692307693,0.07692307692307693
pepper,paprika,green,groen,"['environmental awareness', 'environmentalism', 'green', 'viridity', 'greenness']",7.0,6.0,58.0,31.0,0.1206896551724138,0.1935483870967742,0.07285873192436039
swan,zwaan,orange,oranje,"['pumpkin', 'tomato', 'orangeness', 'orange', 'amber', 'gold', 'golden brown']",0.0,1.0,43.0,14.0,0.0,0.07142857142857142,0.07142857142857142
swan,zwaan,gold,oranje,"['pumpkin', 'tomato', 'orangeness', 'orange', 'amber', 'gold', 'golden brown']",0.0,1.0,43.0,14.0,0.0,0.07142857142857142,0.07142857142857142
chickadee,mees,brown,bruin,"['brown', 'brownness', 'Aquilus']",5.0,2.0,23.0,7.0,0.21739130434782608,0.2857142857142857,0.06832298136645962
plum,pruim,black,zwart,"['black', 'color', 'coloring', 'colouring', 'complexion', 'colour', 'lists of colors', 'blackness', 'inkiness']",0.0,1.0,49.0,15.0,0.0,0.06666666666666667,0.06666666666666667
plum,pruim,blue,blauw,"['blue', 'blueness']",0.0,1.0,49.0,15.0,0.0,0.06666666666666667,0.06666666666666667
flute,dwarsfluit,,beige,"['ecru', 'beige']",0.0,1.0,28.0,15.0,0.0,0.06666666666666667,0.06666666666666667
tomato,pompoen,yellow,geel,"['yellow', 'yellowness']",0.0,2.0,60.0,31.0,0.0,0.06451612903225806,0.06451612903225806
pumpkin,pompoen,yellow,geel,"['yellow', 'yellowness']",0.0,2.0,69.0,31.0,0.0,0.06451612903225806,0.06451612903225806
salmon,zalm,orange,oranje,"['pumpkin', 'tomato', 'orangeness', 'orange', 'amber', 'gold', 'golden brown']",0.0,1.0,23.0,16.0,0.0,0.0625,0.0625
salmon,zalm,blue,blauw,"['blue', 'blueness']",0.0,1.0,23.0,16.0,0.0,0.0625,0.0625
salmon,zalm,gold,oranje,"['pumpkin', 'tomato', 'orangeness', 'orange', 'amber', 'gold', 'golden brown']",0.0,1.0,23.0,16.0,0.0,0.0625,0.0625
piano,piano,,ivoor,"['ivory', 'tusk']",0.0,1.0,60.0,16.0,0.0,0.0625,0.0625
piano,piano,brown,bruin,"['brown', 'brownness', 'Aquilus']",0.0,1.0,60.0,16.0,0.0,0.0625,0.0625
piano,hamer,blue,blauw,"['blue', 'blueness']",0.0,1.0,60.0,16.0,0.0,0.0625,0.0625
penguin,pingu誰n,orange,oranje,"['pumpkin', 'tomato', 'orangeness', 'orange', 'amber', 'gold', 'golden brown']",0.0,1.0,46.0,16.0,0.0,0.0625,0.0625
penguin,pingu誰n,gold,oranje,"['pumpkin', 'tomato', 'orangeness', 'orange', 'amber', 'gold', 'golden brown']",0.0,1.0,46.0,16.0,0.0,0.0625,0.0625
pelican,pelikaan,yellow,geel,"['yellow', 'yellowness']",0.0,1.0,9.0,16.0,0.0,0.0625,0.0625
mouse,muis,white,wit,"['whiteness', 'white', 'colorimetric whiteness', 'humor', 'humour', 'wit', 'wittiness', 'witticism']",8.0,6.0,80.0,37.0,0.1,0.16216216216216217,0.062162162162162166
peach,perzik,green,groen,"['environmental awareness', 'environmentalism', 'green', 'viridity', 'greenness']",0.0,1.0,36.0,18.0,0.0,0.05555555555555555,0.05555555555555555
apple,appel,brown,bruin,"['brown', 'brownness', 'Aquilus']",0.0,1.0,168.0,18.0,0.0,0.05555555555555555,0.05555555555555555
orange,sinaasappel,red,rood,"['red', 'redness']",0.0,1.0,21.0,20.0,0.0,0.05,0.05
orange,sinaasappel,green,groen,"['environmental awareness', 'environmentalism', 'green', 'viridity', 'greenness']",0.0,1.0,21.0,20.0,0.0,0.05,0.05
donkey,ezel,gold,goud,"['gold', 'Au', 'yellow', 'yellowness', 'amber', 'golden brown']",0.0,1.0,7.0,20.0,0.0,0.05,0.05
donkey,ezel,yellow,goud,"['gold', 'Au', 'yellow', 'yellowness', 'amber', 'golden brown']",0.0,1.0,7.0,20.0,0.0,0.05,0.05
bean,bonen,red,rood,"['red', 'redness']",0.0,1.0,32.0,20.0,0.0,0.05,0.05
mouse,muis,grey,grijs,"['gray', 'grey', 'greyness', 'grayness']",35.0,18.0,80.0,37.0,0.4375,0.4864864864864865,0.048986486486486513
trumpet,trompet,white,zilver,"['silver', 'Ag', 'whiteness', 'white', 'colorimetric whiteness', 'ash gray', 'silver gray', 'ash grey', 'silver grey']",0.0,1.0,5.0,21.0,0.0,0.047619047619047616,0.047619047619047616
trumpet,trompet,silver,zilver,"['silver', 'Ag', 'whiteness', 'white', 'colorimetric whiteness', 'ash gray', 'silver gray', 'ash grey', 'silver grey']",0.0,1.0,5.0,21.0,0.0,0.047619047619047616,0.047619047619047616
radish,radijs,orange,oranje,"['pumpkin', 'tomato', 'orangeness', 'orange', 'amber', 'gold', 'golden brown']",0.0,1.0,40.0,21.0,0.0,0.047619047619047616,0.047619047619047616
radish,radijs,gold,oranje,"['pumpkin', 'tomato', 'orangeness', 'orange', 'amber', 'gold', 'golden brown']",0.0,1.0,40.0,21.0,0.0,0.047619047619047616,0.047619047619047616
dove,duif,black,zwart,"['black', 'color', 'coloring', 'colouring', 'complexion', 'colour', 'lists of colors', 'blackness', 'inkiness']",0.0,1.0,25.0,21.0,0.0,0.047619047619047616,0.047619047619047616
dove,duif,,chocolade,"['chocolate', 'drinking chocolate', 'cocoa', 'hot chocolate']",0.0,1.0,25.0,21.0,0.0,0.047619047619047616,0.047619047619047616
carrot,wortel,brown,bruin,"['brown', 'brownness', 'Aquilus']",0.0,1.0,65.0,21.0,0.0,0.047619047619047616,0.047619047619047616
carrot,wortel,red,rood,"['red', 'redness']",0.0,1.0,65.0,21.0,0.0,0.047619047619047616,0.047619047619047616
fox,vos,orange,oranje,"['pumpkin', 'tomato', 'orangeness', 'orange', 'amber', 'gold', 'golden brown']",10.0,2.0,104.0,14.0,0.09615384615384616,0.14285714285714285,0.04670329670329669
coconut,kokosnoot,white,wit,"['whiteness', 'white', 'colorimetric whiteness', 'humor', 'humour', 'wit', 'wittiness', 'witticism']",20.0,6.0,40.0,11.0,0.5,0.5454545454545454,0.045454545454545414
zebra,zebra,black,zwart,"['black', 'color', 'coloring', 'colouring', 'complexion', 'colour', 'lists of colors', 'blackness', 'inkiness']",101.0,5.0,197.0,9.0,0.5126903553299492,0.5555555555555556,0.04286520022560636
grape,druif,,perzik,"['peach', 'peach tree', 'Prunus persica']",0.0,1.0,94.0,24.0,0.0,0.041666666666666664,0.041666666666666664
bean,bonen,brown,bruin,"['brown', 'brownness', 'Aquilus']",2.0,2.0,32.0,20.0,0.0625,0.1,0.037500000000000006
pig,varken,pink,roze,['pink'],31.0,8.0,32.0,8.0,0.96875,1.0,0.03125
goldfish,goudvis,green,groen,"['environmental awareness', 'environmentalism', 'green', 'viridity', 'greenness']",0.0,1.0,43.0,36.0,0.0,0.027777777777777776,0.027777777777777776
goldfish,goudvis,blue,blauw,"['blue', 'blueness']",0.0,1.0,43.0,36.0,0.0,0.027777777777777776,0.027777777777777776
goldfish,goudvis,black,zwart,"['black', 'color', 'coloring', 'colouring', 'complexion', 'colour', 'lists of colors', 'blackness', 'inkiness']",0.0,1.0,43.0,36.0,0.0,0.027777777777777776,0.027777777777777776
rat,mus,red,rood,"['red', 'redness']",0.0,1.0,5.0,37.0,0.0,0.02702702702702703,0.02702702702702703
rat,muis,,chocolade,"['chocolate', 'drinking chocolate', 'cocoa', 'hot chocolate']",0.0,1.0,5.0,37.0,0.0,0.02702702702702703,0.02702702702702703
rat,muis,blue,blauw,"['blue', 'blueness']",0.0,1.0,5.0,37.0,0.0,0.02702702702702703,0.02702702702702703
mouse,mus,red,rood,"['red', 'redness']",0.0,1.0,80.0,37.0,0.0,0.02702702702702703,0.02702702702702703
mouse,muis,blue,blauw,"['blue', 'blueness']",0.0,1.0,80.0,37.0,0.0,0.02702702702702703,0.02702702702702703
mouse,muis,,chocolade,"['chocolate', 'drinking chocolate', 'cocoa', 'hot chocolate']",0.0,1.0,80.0,37.0,0.0,0.02702702702702703,0.02702702702702703
piano,piano,black,zwart,"['black', 'color', 'coloring', 'colouring', 'complexion', 'colour', 'lists of colors', 'blackness', 'inkiness']",21.0,6.0,60.0,16.0,0.35,0.375,0.025000000000000022
ant,mier,red,rood,"['red', 'redness']",9.0,6.0,24.0,15.0,0.375,0.4,0.025000000000000022
bean,bonen,yellow,geel,"['yellow', 'yellowness']",1.0,1.0,32.0,20.0,0.03125,0.05,0.018750000000000003
radish,radijs,green,groen,"['environmental awareness', 'environmentalism', 'green', 'viridity', 'greenness']",5.0,3.0,40.0,21.0,0.125,0.14285714285714285,0.01785714285714285
banana,banaan,yellow,geel,"['yellow', 'yellowness']",48.0,8.0,55.0,9.0,0.8727272727272727,0.8888888888888888,0.016161616161616155
wasp,wesp,yellow,geel,"['yellow', 'yellowness']",14.0,7.0,22.0,11.0,0.6363636363636364,0.6363636363636364,0.0
wasp,wesp,black,zwart,"['black', 'color', 'coloring', 'colouring', 'complexion', 'colour', 'lists of colors', 'blackness', 'inkiness']",8.0,4.0,22.0,11.0,0.36363636363636365,0.36363636363636365,0.0
pea,erwten,green,groen,"['environmental awareness', 'environmentalism', 'green', 'viridity', 'greenness']",19.0,9.0,19.0,9.0,1.0,1.0,0.0
parsley,peterselie,green,groen,"['environmental awareness', 'environmentalism', 'green', 'viridity', 'greenness']",28.0,9.0,28.0,9.0,1.0,1.0,0.0
fridge,frigo,white,wit,"['whiteness', 'white', 'colorimetric whiteness', 'humor', 'humour', 'wit', 'wittiness', 'witticism']",16.0,7.0,16.0,7.0,1.0,1.0,0.0
doctor,dokter,white,wit,"['whiteness', 'white', 'colorimetric whiteness', 'humor', 'humour', 'wit', 'wittiness', 'witticism']",17.0,8.0,17.0,8.0,1.0,1.0,0.0
sheep,schaap,white,wit,"['whiteness', 'white', 'colorimetric whiteness', 'humor', 'humour', 'wit', 'wittiness', 'witticism']",31.0,7.0,44.0,10.0,0.7045454545454546,0.7,-0.00454545454545463
apple,appel,white,,,1.0,0.0,168.0,18.0,0.005952380952380952,0.0,-0.005952380952380952
plum,pruim,red,rood,"['red', 'redness']",7.0,2.0,49.0,15.0,0.14285714285714285,0.13333333333333333,-0.009523809523809518
belt,riem,black,zwart,"['black', 'color', 'coloring', 'colouring', 'complexion', 'colour', 'lists of colors', 'blackness', 'inkiness']",15.0,4.0,33.0,9.0,0.45454545454545453,0.4444444444444444,-0.01010101010101011
banana,banaan,green,groen,"['environmental awareness', 'environmentalism', 'green', 'viridity', 'greenness']",7.0,1.0,55.0,9.0,0.12727272727272726,0.1111111111111111,-0.016161616161616155
eggplant,aubergine,yellow,,,1.0,0.0,59.0,16.0,0.01694915254237288,0.0,-0.01694915254237288
apple,appel,red,rood,"['red', 'redness']",87.0,9.0,168.0,18.0,0.5178571428571429,0.5,-0.017857142857142905
cauliflower,bloemkool,white,wit,"['whiteness', 'white', 'colorimetric whiteness', 'humor', 'humour', 'wit', 'wittiness', 'witticism']",46.0,9.0,55.0,11.0,0.8363636363636363,0.8181818181818182,-0.018181818181818077
chickadee,mees,black,zwart,"['black', 'color', 'coloring', 'colouring', 'complexion', 'colour', 'lists of colors', 'blackness', 'inkiness']",7.0,2.0,23.0,7.0,0.30434782608695654,0.2857142857142857,-0.018633540372670843
plum,pruim,orange,,,1.0,0.0,49.0,15.0,0.02040816326530612,0.0,-0.02040816326530612
plum,pruim,yellow,,,1.0,0.0,49.0,15.0,0.02040816326530612,0.0,-0.02040816326530612
cherry,kers,purple,,,1.0,0.0,48.0,11.0,0.020833333333333332,0.0,-0.020833333333333332
cherry,kers,yellow,,,1.0,0.0,48.0,11.0,0.020833333333333332,0.0,-0.020833333333333332
penguin,pingu誰n,black,zwart,"['black', 'color', 'coloring', 'colouring', 'complexion', 'colour', 'lists of colors', 'blackness', 'inkiness']",24.0,8.0,46.0,16.0,0.5217391304347826,0.5,-0.021739130434782594
sheep,schaap,grey,,,1.0,0.0,44.0,10.0,0.022727272727272728,0.0,-0.022727272727272728
swan,zwaan,grey,,,1.0,0.0,43.0,14.0,0.023255813953488372,0.0,-0.023255813953488372
cabbage,witte kool,purple,,,3.0,0.0,120.0,9.0,0.025,0.0,-0.025
tiger,tijger,orange,oranje,"['pumpkin', 'tomato', 'orangeness', 'orange', 'amber', 'gold', 'golden brown']",16.0,4.0,34.0,9.0,0.47058823529411764,0.4444444444444444,-0.02614379084967322
piano,piano,white,wit,"['whiteness', 'white', 'colorimetric whiteness', 'humor', 'humour', 'wit', 'wittiness', 'witticism']",13.0,3.0,60.0,16.0,0.21666666666666667,0.1875,-0.029166666666666674
pig,taart,grey,,,1.0,0.0,32.0,8.0,0.03125,0.0,-0.03125
tomato,tomaat,has_green_stem,,,2.0,0.0,60.0,31.0,0.03333333333333333,0.0,-0.03333333333333333
cabbage,witte kool,red,,,4.0,0.0,120.0,9.0,0.03333333333333333,0.0,-0.03333333333333333
zucchini,courgette,white,wit,"['whiteness', 'white', 'colorimetric whiteness', 'humor', 'humour', 'wit', 'wittiness', 'witticism']",6.0,2.0,32.0,13.0,0.1875,0.15384615384615385,-0.033653846153846145
strawberry,aardbei,white,,,2.0,0.0,59.0,10.0,0.03389830508474576,0.0,-0.03389830508474576
potato,aardappel,red,,,1.0,0.0,29.0,7.0,0.034482758620689655,0.0,-0.034482758620689655
kettle,ketel,black,zwart,"['black', 'color', 'coloring', 'colouring', 'complexion', 'colour', 'lists of colors', 'blackness', 'inkiness']",3.0,6.0,6.0,13.0,0.5,0.46153846153846156,-0.038461538461538436
taxi,taxi,yellow_and_black,,,2.0,0.0,47.0,10.0,0.0425531914893617,0.0,-0.0425531914893617
zebra,zebra,white,wit,"['whiteness', 'white', 'colorimetric whiteness', 'humor', 'humour', 'wit', 'wittiness', 'witticism']",96.0,4.0,197.0,9.0,0.4873096446700508,0.4444444444444444,-0.04286520022560636
raspberry,fornuis,black,,,2.0,0.0,41.0,10.0,0.04878048780487805,0.0,-0.04878048780487805
pepper,paprika,white,,,3.0,0.0,58.0,31.0,0.05172413793103448,0.0,-0.05172413793103448
peach,perzik,pink,,,2.0,0.0,36.0,18.0,0.05555555555555555,0.0,-0.05555555555555555
goldfish,goudvis,gold,goud,"['gold', 'Au', 'yellow', 'yellowness', 'amber', 'golden brown']",6.0,3.0,43.0,36.0,0.13953488372093023,0.08333333333333333,-0.0562015503875969
plate,bord,white,wit,"['whiteness', 'white', 'colorimetric whiteness', 'humor', 'humour', 'wit', 'wittiness', 'witticism']",10.0,7.0,13.0,10.0,0.7692307692307693,0.7,-0.06923076923076932
cauliflower,bloemkool,green,groen,"['environmental awareness', 'environmentalism', 'green', 'viridity', 'greenness']",9.0,1.0,55.0,11.0,0.16363636363636364,0.09090909090909091,-0.07272727272727272
goldfish,goudvis,orange,oranje,"['pumpkin', 'tomato', 'orangeness', 'orange', 'amber', 'gold', 'golden brown']",14.0,9.0,43.0,36.0,0.32558139534883723,0.25,-0.07558139534883723
pineapple,ananas,green,groen,"['environmental awareness', 'environmentalism', 'green', 'viridity', 'greenness']",9.0,1.0,51.0,10.0,0.17647058823529413,0.1,-0.07647058823529412
onion,ajuin,yellow,,,2.0,0.0,26.0,6.0,0.07692307692307693,0.0,-0.07692307692307693
onion,ajuin,red,,,2.0,0.0,26.0,6.0,0.07692307692307693,0.0,-0.07692307692307693
piano,piano,has_black_and_white_keys,,,5.0,0.0,60.0,16.0,0.08333333333333333,0.0,-0.08333333333333333
bra,beha,black,zwart,"['black', 'color', 'coloring', 'colouring', 'complexion', 'colour', 'lists of colors', 'blackness', 'inkiness']",5.0,3.0,14.0,11.0,0.35714285714285715,0.2727272727272727,-0.08441558441558444
salmon,zalm,colour_salmon,,,2.0,0.0,23.0,16.0,0.08695652173913043,0.0,-0.08695652173913043
grape,druif,green,groen,"['environmental awareness', 'environmentalism', 'green', 'viridity', 'greenness']",40.0,8.0,94.0,24.0,0.425531914893617,0.3333333333333333,-0.09219858156028371
giraffe,giraf,orange,oranje,"['pumpkin', 'tomato', 'orangeness', 'orange', 'amber', 'gold', 'golden brown']",7.0,1.0,41.0,13.0,0.17073170731707318,0.07692307692307693,-0.09380863039399626
pineapple,piloot,brown,,,5.0,0.0,51.0,10.0,0.09803921568627451,0.0,-0.09803921568627451
spinach,spinazie,green,groen,"['environmental awareness', 'environmentalism', 'green', 'viridity', 'greenness']",50.0,9.0,50.0,10.0,1.0,0.9,-0.09999999999999998
salad,sla,green,groen,"['environmental awareness', 'environmentalism', 'green', 'viridity', 'greenness']",66.0,9.0,66.0,10.0,1.0,0.9,-0.09999999999999998
pickle,augurken,green,groen,"['environmental awareness', 'environmentalism', 'green', 'viridity', 'greenness']",23.0,9.0,23.0,10.0,1.0,0.9,-0.09999999999999998
lemon,citroen,yellow,geel,"['yellow', 'yellowness']",46.0,9.0,46.0,10.0,1.0,0.9,-0.09999999999999998
jeans,jeans,blue,blauw,"['blue', 'blueness']",22.0,9.0,22.0,10.0,1.0,0.9,-0.09999999999999998
frog,kikker,green,groen,"['environmental awareness', 'environmentalism', 'green', 'viridity', 'greenness']",26.0,9.0,26.0,10.0,1.0,0.9,-0.09999999999999998
canary,kanarie,yellow,geel,"['yellow', 'yellowness']",28.0,9.0,28.0,10.0,1.0,0.9,-0.09999999999999998
tomato,tomaat,green,groen,"['environmental awareness', 'environmentalism', 'green', 'viridity', 'greenness']",12.0,3.0,60.0,31.0,0.2,0.0967741935483871,-0.10322580645161292
penguin,pingu誰n,white,wit,"['whiteness', 'white', 'colorimetric whiteness', 'humor', 'humour', 'wit', 'wittiness', 'witticism']",22.0,6.0,46.0,16.0,0.4782608695652174,0.375,-0.1032608695652174
strawberry,aardbei,green,groen,"['environmental awareness', 'environmentalism', 'green', 'viridity', 'greenness']",12.0,1.0,59.0,10.0,0.2033898305084746,0.1,-0.10338983050847458
coffee,koffie,brown,bruin,"['brown', 'brownness', 'Aquilus']",14.0,4.0,32.0,12.0,0.4375,0.3333333333333333,-0.10416666666666669
bean,bonen,black,zwart,"['black', 'color', 'coloring', 'colouring', 'complexion', 'colour', 'lists of colors', 'blackness', 'inkiness']",5.0,1.0,32.0,20.0,0.15625,0.05,-0.10625
peach,perzik,yellow,geel,"['yellow', 'yellowness']",8.0,2.0,36.0,18.0,0.2222222222222222,0.1111111111111111,-0.1111111111111111
peach,perzik,orange,oranje,"['pumpkin', 'tomato', 'orangeness', 'orange', 'amber', 'gold', 'golden brown']",18.0,7.0,36.0,18.0,0.5,0.3888888888888889,-0.1111111111111111
spaghetti,spaghetti,red,rood,"['red', 'redness']",13.0,8.0,13.0,9.0,1.0,0.8888888888888888,-0.11111111111111116
buffalo,bizon,brown,bruin,"['brown', 'brownness', 'Aquilus']",26.0,8.0,26.0,9.0,1.0,0.8888888888888888,-0.11111111111111116
bison,bizon,brown,bruin,"['brown', 'brownness', 'Aquilus']",10.0,8.0,10.0,9.0,1.0,0.8888888888888888,-0.11111111111111116
corn,mais,yellow,geel,"['yellow', 'yellowness']",40.0,9.0,43.0,11.0,0.9302325581395349,0.8181818181818182,-0.11205073995771664
taxi,taxi,yellow,geel,"['yellow', 'yellowness']",43.0,8.0,47.0,10.0,0.9148936170212766,0.8,-0.11489361702127654
onion,ajuin,purple,,,3.0,0.0,26.0,6.0,0.11538461538461539,0.0,-0.11538461538461539
onion,ajuin,different_colours,,,3.0,0.0,26.0,6.0,0.11538461538461539,0.0,-0.11538461538461539
onion,ajuin,white,wit,"['whiteness', 'white', 'colorimetric whiteness', 'humor', 'humour', 'wit', 'wittiness', 'witticism']",16.0,3.0,26.0,6.0,0.6153846153846154,0.5,-0.11538461538461542
cucumber,komkommer,white,,,6.0,0.0,51.0,10.0,0.11764705882352941,0.0,-0.11764705882352941
zucchini,courgette,green,groen,"['environmental awareness', 'environmentalism', 'green', 'viridity', 'greenness']",26.0,9.0,32.0,13.0,0.8125,0.6923076923076923,-0.12019230769230771
giraffe,kalkoen,black,,,5.0,0.0,41.0,13.0,0.12195121951219512,0.0,-0.12195121951219512
cabbage,taxi,brown,,,15.0,0.0,120.0,9.0,0.125,0.0,-0.125
salmon,zalm,red,,,3.0,0.0,23.0,16.0,0.13043478260869565,0.0,-0.13043478260869565
football,voetbal,white,wit,"['whiteness', 'white', 'colorimetric whiteness', 'humor', 'humour', 'wit', 'wittiness', 'witticism']",5.0,1.0,15.0,5.0,0.3333333333333333,0.2,-0.1333333333333333
coconut,kokosnoot,brown,bruin,"['brown', 'brownness', 'Aquilus']",20.0,4.0,40.0,11.0,0.5,0.36363636363636365,-0.13636363636363635
cherry,kers,red,rood,"['red', 'redness']",46.0,9.0,48.0,11.0,0.9583333333333334,0.8181818181818182,-0.14015151515151514
radish,radijs,red,rood,"['red', 'redness']",23.0,9.0,40.0,21.0,0.575,0.42857142857142855,-0.1464285714285714
eggplant,aubergine,white,,,9.0,0.0,59.0,16.0,0.15254237288135594,0.0,-0.15254237288135594
radish,radijs,white,wit,"['whiteness', 'white', 'colorimetric whiteness', 'humor', 'humour', 'wit', 'wittiness', 'witticism']",12.0,3.0,40.0,21.0,0.3,0.14285714285714285,-0.15714285714285714
ant,mier,black,zwart,"['black', 'color', 'coloring', 'colouring', 'complexion', 'colour', 'lists of colors', 'blackness', 'inkiness']",15.0,7.0,24.0,15.0,0.625,0.4666666666666667,-0.15833333333333333
apple,appel,yellow,,,27.0,0.0,168.0,18.0,0.16071428571428573,0.0,-0.16071428571428573
peach,perzik,red,rood,"['red', 'redness']",8.0,1.0,36.0,18.0,0.2222222222222222,0.05555555555555555,-0.16666666666666666
tongue,tong,pink,roze,['pink'],3.0,3.0,6.0,9.0,0.5,0.3333333333333333,-0.16666666666666669
lime,limoen,green,groen,"['environmental awareness', 'environmentalism', 'green', 'viridity', 'greenness']",48.0,8.0,96.0,24.0,0.5,0.3333333333333333,-0.16666666666666669
bus,bus,yellow,geel,"['yellow', 'yellowness']",23.0,4.0,46.0,12.0,0.5,0.3333333333333333,-0.16666666666666669
eggplant,aubergine,purple,paars,"['purpleness', 'purple', 'violet', 'reddish blue']",36.0,7.0,59.0,16.0,0.6101694915254238,0.4375,-0.17266949152542377
sheep,schaap,black,zwart,"['black', 'color', 'coloring', 'colouring', 'complexion', 'colour', 'lists of colors', 'blackness', 'inkiness']",12.0,1.0,44.0,10.0,0.2727272727272727,0.1,-0.1727272727272727
raspberry,framboos,red,rood,"['red', 'redness']",36.0,7.0,41.0,10.0,0.8780487804878049,0.7,-0.17804878048780493
spider,spin,black,zwart,"['black', 'color', 'coloring', 'colouring', 'complexion', 'colour', 'lists of colors', 'blackness', 'inkiness']",15.0,9.0,15.0,11.0,1.0,0.8181818181818182,-0.18181818181818177
crow,kraai,black,zwart,"['black', 'color', 'coloring', 'colouring', 'complexion', 'colour', 'lists of colors', 'blackness', 'inkiness']",25.0,9.0,25.0,11.0,1.0,0.8181818181818182,-0.18181818181818177
crocodile,krokodil,green,groen,"['environmental awareness', 'environmentalism', 'green', 'viridity', 'greenness']",10.0,9.0,10.0,11.0,1.0,0.8181818181818182,-0.18181818181818177
celery,selder,green,groen,"['environmental awareness', 'environmentalism', 'green', 'viridity', 'greenness']",46.0,9.0,46.0,11.0,1.0,0.8181818181818182,-0.18181818181818177
giraffe,giraf,brown,bruin,"['brown', 'brownness', 'Aquilus']",14.0,2.0,41.0,13.0,0.34146341463414637,0.15384615384615385,-0.1876172607879925
bra,beha,white,wit,"['whiteness', 'white', 'colorimetric whiteness', 'humor', 'humour', 'wit', 'wittiness', 'witticism']",9.0,5.0,14.0,11.0,0.6428571428571429,0.45454545454545453,-0.18831168831168837
squirrel,eekhoorn,brown,bruin,"['brown', 'brownness', 'Aquilus']",47.0,8.0,47.0,10.0,1.0,0.8,-0.19999999999999996
caterpillar,rups,green,groen,"['environmental awareness', 'environmentalism', 'green', 'viridity', 'greenness']",5.0,8.0,5.0,10.0,1.0,0.8,-0.19999999999999996
cab,taxi,yellow,geel,"['yellow', 'yellowness']",57.0,8.0,57.0,10.0,1.0,0.8,-0.19999999999999996
grape,druif,purple,paars,"['purpleness', 'purple', 'violet', 'reddish blue']",24.0,1.0,94.0,24.0,0.2553191489361702,0.041666666666666664,-0.21365248226950354
salmon,zalm,pink,roze,['pink'],18.0,9.0,23.0,16.0,0.782608695652174,0.5625,-0.22010869565217395
plate,tas,different_colours,,,3.0,0.0,13.0,10.0,0.23076923076923078,0.0,-0.23076923076923078
grape,druif,red,rood,"['red', 'redness']",26.0,1.0,94.0,24.0,0.2765957446808511,0.041666666666666664,-0.23492907801418442
carrot,wortel,green,groen,"['environmental awareness', 'environmentalism', 'green', 'viridity', 'greenness']",19.0,1.0,65.0,21.0,0.2923076923076923,0.047619047619047616,-0.2446886446886447
salamander,salamander,green,groen,"['environmental awareness', 'environmentalism', 'green', 'viridity', 'greenness']",5.0,9.0,5.0,12.0,1.0,0.75,-0.25
crowbar,koevoet,silver,,,2.0,0.0,8.0,10.0,0.25,0.0,-0.25
car,auto,different_colours,,,2.0,0.0,8.0,6.0,0.25,0.0,-0.25
car,auto,comes_in_multiple_colours,,,2.0,0.0,8.0,6.0,0.25,0.0,-0.25
car,auto,coloured,,,2.0,0.0,8.0,6.0,0.25,0.0,-0.25
beaver,bever,brown,bruin,"['brown', 'brownness', 'Aquilus']",19.0,6.0,19.0,8.0,1.0,0.75,-0.25
grapefruit,pompelmoes,yellow,geel,"['yellow', 'yellowness']",33.0,7.0,67.0,30.0,0.4925373134328358,0.23333333333333334,-0.25920398009950246
lizard,hagedis,green,groen,"['environmental awareness', 'environmentalism', 'green', 'viridity', 'greenness']",6.0,8.0,6.0,11.0,1.0,0.7272727272727273,-0.2727272727272727
blackbird,merel,black,zwart,"['black', 'color', 'coloring', 'colouring', 'complexion', 'colour', 'lists of colors', 'blackness', 'inkiness']",13.0,8.0,13.0,11.0,1.0,0.7272727272727273,-0.2727272727272727
bee,bij,black,zwart,"['black', 'color', 'coloring', 'colouring', 'complexion', 'colour', 'lists of colors', 'blackness', 'inkiness']",44.0,2.0,88.0,9.0,0.5,0.2222222222222222,-0.2777777777777778
carrot,wortel,orange,oranje,"['pumpkin', 'tomato', 'orangeness', 'orange', 'amber', 'gold', 'golden brown']",46.0,9.0,65.0,21.0,0.7076923076923077,0.42857142857142855,-0.2791208791208792
elephant,olifant,grey,grijs,"['gray', 'grey', 'greyness', 'grayness']",150.0,18.0,150.0,25.0,1.0,0.72,-0.28
suit,kostuum,blue,,,2.0,0.0,7.0,7.0,0.2857142857142857,0.0,-0.2857142857142857
suit,kostuum,brown,,,2.0,0.0,7.0,7.0,0.2857142857142857,0.0,-0.2857142857142857
piano,hamer,black,zwart,"['black', 'color', 'coloring', 'colouring', 'complexion', 'colour', 'lists of colors', 'blackness', 'inkiness']",21.0,1.0,60.0,16.0,0.35,0.0625,-0.2875
iguana,leguaan,green,groen,"['environmental awareness', 'environmentalism', 'green', 'viridity', 'greenness']",19.0,1.0,38.0,5.0,0.5,0.2,-0.3
iguana,leguaan,green,GROEN,"['environmental awareness', 'environmentalism', 'green', 'viridity', 'greenness']",19.0,1.0,38.0,5.0,0.5,0.2,-0.3
bean,bonen,green,groen,"['environmental awareness', 'environmentalism', 'green', 'viridity', 'greenness']",24.0,9.0,32.0,20.0,0.75,0.45,-0.3
peacock,pauw,blue,blauw,"['blue', 'blueness']",8.0,7.0,8.0,10.0,1.0,0.7,-0.30000000000000004
submarine,duikboot,navy,,,7.0,0.0,23.0,12.0,0.30434782608695654,0.0,-0.30434782608695654
swan,zwaan,white,wit,"['whiteness', 'white', 'colorimetric whiteness', 'humor', 'humour', 'wit', 'wittiness', 'witticism']",41.0,9.0,43.0,14.0,0.9534883720930233,0.6428571428571429,-0.3106312292358804
grapefruit,pompelmoes,pink,roze,['pink'],30.0,4.0,67.0,30.0,0.44776119402985076,0.13333333333333333,-0.3144278606965174
belt,riem,brown,bruin,"['brown', 'brownness', 'Aquilus']",18.0,2.0,33.0,9.0,0.5454545454545454,0.2222222222222222,-0.3232323232323232
mouse,mus,grey,grijs,"['gray', 'grey', 'greyness', 'grayness']",35.0,4.0,80.0,37.0,0.4375,0.10810810810810811,-0.3293918918918919
shark,haai,grey,grijs,"['gray', 'grey', 'greyness', 'grayness']",6.0,6.0,6.0,9.0,1.0,0.6666666666666666,-0.33333333333333337
garlic,look,white,wit,"['whiteness', 'white', 'colorimetric whiteness', 'humor', 'humour', 'wit', 'wittiness', 'witticism']",29.0,4.0,29.0,6.0,1.0,0.6666666666666666,-0.33333333333333337
bus,koets,yellow,goud,"['gold', 'Au', 'yellow', 'yellowness', 'amber', 'golden brown']",23.0,2.0,46.0,12.0,0.5,0.16666666666666666,-0.33333333333333337
chickadee,mees,yellow,geel,"['yellow', 'yellowness']",11.0,1.0,23.0,7.0,0.4782608695652174,0.14285714285714285,-0.33540372670807456
potato,aardappel,white,,,10.0,0.0,29.0,7.0,0.3448275862068966,0.0,-0.3448275862068966
plum,pruim,purple,paars,"['purpleness', 'purple', 'violet', 'reddish blue']",40.0,7.0,49.0,15.0,0.8163265306122449,0.4666666666666667,-0.34965986394557824
crowbar,koevoet,black,zwart,"['black', 'color', 'coloring', 'colouring', 'complexion', 'colour', 'lists of colors', 'blackness', 'inkiness']",6.0,4.0,8.0,10.0,0.75,0.4,-0.35
seagull,meeuw,white,wit,"['whiteness', 'white', 'colorimetric whiteness', 'humor', 'humour', 'wit', 'wittiness', 'witticism']",19.0,5.0,19.0,8.0,1.0,0.625,-0.375
gull,meeuw,white,wit,"['whiteness', 'white', 'colorimetric whiteness', 'humor', 'humour', 'wit', 'wittiness', 'witticism']",8.0,5.0,8.0,8.0,1.0,0.625,-0.375
balloon,luchtballon,different_colours,,,6.0,0.0,16.0,5.0,0.375,0.0,-0.375
toad,mees,brown,,,12.0,0.0,31.0,10.0,0.3870967741935484,0.0,-0.3870967741935484
goldfish,kar,aqua,,,17.0,0.0,43.0,36.0,0.3953488372093023,0.0,-0.3953488372093023
beetle,kever,black,zwart,"['black', 'color', 'coloring', 'colouring', 'complexion', 'colour', 'lists of colors', 'blackness', 'inkiness']",11.0,7.0,11.0,12.0,1.0,0.5833333333333334,-0.41666666666666663
lion,leeuw,gold,,,5.0,0.0,12.0,5.0,0.4166666666666667,0.0,-0.4166666666666667
deer,hert,white,,,5.0,0.0,12.0,5.0,0.4166666666666667,0.0,-0.4166666666666667
cabbage,witte kool,green,groen,"['environmental awareness', 'environmentalism', 'green', 'viridity', 'greenness']",91.0,3.0,120.0,9.0,0.7583333333333333,0.3333333333333333,-0.425
fox,vos,red,rood,"['red', 'redness']",89.0,6.0,104.0,14.0,0.8557692307692307,0.42857142857142855,-0.4271978021978022
robin,nijlpaard,blue,,,11.0,0.0,25.0,8.0,0.44,0.0,-0.44
lime,citroen,green,groen,"['environmental awareness', 'environmentalism', 'green', 'viridity', 'greenness']",48.0,1.0,96.0,24.0,0.5,0.041666666666666664,-0.4583333333333333
trombone,trombone,gold,goud,"['gold', 'Au', 'yellow', 'yellowness', 'amber', 'golden brown']",6.0,3.0,6.0,6.0,1.0,0.5,-0.5
tiger,das,black,,,17.0,0.0,34.0,9.0,0.5,0.0,-0.5
saxophone,saxofoon,gold,goud,"['gold', 'Au', 'yellow', 'yellowness', 'amber', 'golden brown']",7.0,4.0,7.0,8.0,1.0,0.5,-0.5
kettle,waterkoker,silver,,,3.0,0.0,6.0,13.0,0.5,0.0,-0.5
dishes,bestek,silver,zilver,"['silver', 'Ag', 'whiteness', 'white', 'colorimetric whiteness', 'ash gray', 'silver gray', 'ash grey', 'silver grey']",16.0,5.0,16.0,10.0,1.0,0.5,-0.5
basketball,basketbal,orange,oranje,"['pumpkin', 'tomato', 'orangeness', 'orange', 'amber', 'gold', 'golden brown']",28.0,7.0,28.0,14.0,1.0,0.5,-0.5
balloon,luchtballon,colourful,,,8.0,0.0,16.0,5.0,0.5,0.0,-0.5
tomato,tomaat,red,rood,"['red', 'redness']",46.0,8.0,60.0,31.0,0.7666666666666667,0.25806451612903225,-0.5086021505376345
sock,sokken,white,wit,"['whiteness', 'white', 'colorimetric whiteness', 'humor', 'humour', 'wit', 'wittiness', 'witticism']",6.0,5.0,6.0,11.0,1.0,0.45454545454545453,-0.5454545454545454
orange,sinaasappel,orange,oranje,"['pumpkin', 'tomato', 'orangeness', 'orange', 'amber', 'gold', 'golden brown']",21.0,9.0,21.0,20.0,1.0,0.45,-0.55
worm,worm,brown,bruin,"['brown', 'brownness', 'Aquilus']",8.0,2.0,8.0,5.0,1.0,0.4,-0.6
flute,dwarsfluit,silver,zilver,"['silver', 'Ag', 'whiteness', 'white', 'colorimetric whiteness', 'ash gray', 'silver gray', 'ash grey', 'silver grey']",28.0,6.0,28.0,15.0,1.0,0.4,-0.6
clarinet,klarinet,black,zwart,"['black', 'color', 'coloring', 'colouring', 'complexion', 'colour', 'lists of colors', 'blackness', 'inkiness']",12.0,4.0,12.0,10.0,1.0,0.4,-0.6
submarine,duikboot,yellow,geel,"['yellow', 'yellowness']",16.0,1.0,23.0,12.0,0.6956521739130435,0.08333333333333333,-0.6123188405797101
trumpet,trompet,gold,goud,"['gold', 'Au', 'yellow', 'yellowness', 'amber', 'golden brown']",5.0,8.0,5.0,21.0,1.0,0.38095238095238093,-0.6190476190476191
pepper,pingu誰n,black,,,36.0,0.0,58.0,31.0,0.6206896551724138,0.0,-0.6206896551724138
donkey,ezel,brown,bruin,"['brown', 'brownness', 'Aquilus']",6.0,4.0,7.0,20.0,0.8571428571428571,0.2,-0.657142857142857
football,voetbal,brown,,,10.0,0.0,15.0,5.0,0.6666666666666666,0.0,-0.6666666666666666
jeep,jeep,green,groen,"['environmental awareness', 'environmentalism', 'green', 'viridity', 'greenness']",5.0,2.0,5.0,6.0,1.0,0.3333333333333333,-0.6666666666666667
dove,duif,white,wit,"['whiteness', 'white', 'colorimetric whiteness', 'humor', 'humour', 'wit', 'wittiness', 'witticism']",25.0,7.0,25.0,21.0,1.0,0.3333333333333333,-0.6666666666666667
blueberry,bosbes,blue,blauw,"['blue', 'blueness']",27.0,6.0,27.0,19.0,1.0,0.3157894736842105,-0.6842105263157895
pelican,pelikaan,white,wit,"['whiteness', 'white', 'colorimetric whiteness', 'humor', 'humour', 'wit', 'wittiness', 'witticism']",9.0,5.0,9.0,16.0,1.0,0.3125,-0.6875
pumpkin,pompoen,orange,oranje,"['pumpkin', 'tomato', 'orangeness', 'orange', 'amber', 'gold', 'golden brown']",68.0,9.0,69.0,31.0,0.9855072463768116,0.2903225806451613,-0.6951846657316503
owl,uil,brown,bruin,"['brown', 'brownness', 'Aquilus']",7.0,2.0,7.0,7.0,1.0,0.2857142857142857,-0.7142857142857143
nectarine,nectarine,orange,oranje,"['pumpkin', 'tomato', 'orangeness', 'orange', 'amber', 'gold', 'golden brown']",15.0,7.0,15.0,27.0,1.0,0.25925925925925924,-0.7407407407407407
asparagus,asperges,green,groen,"['environmental awareness', 'environmentalism', 'green', 'viridity', 'greenness']",44.0,3.0,44.0,13.0,1.0,0.23076923076923078,-0.7692307692307692
spoon,lepel,silver,zilver,"['silver', 'Ag', 'whiteness', 'white', 'colorimetric whiteness', 'ash gray', 'silver gray', 'ash grey', 'silver grey']",12.0,2.0,12.0,10.0,1.0,0.2,-0.8
rat,muis,white,wit,"['whiteness', 'white', 'colorimetric whiteness', 'humor', 'humour', 'wit', 'wittiness', 'witticism']",5.0,6.0,5.0,37.0,1.0,0.16216216216216217,-0.8378378378378378
wrench,engelse sleutel,silver,zilver,"['silver', 'Ag', 'whiteness', 'white', 'colorimetric whiteness', 'ash gray', 'silver gray', 'ash grey', 'silver grey']",5.0,1.0,5.0,7.0,1.0,0.14285714285714285,-0.8571428571428572
avocado,advocaat,green,groen,"['environmental awareness', 'environmentalism', 'green', 'viridity', 'greenness']",19.0,1.0,19.0,8.0,1.0,0.125,-0.875
toaster,broodrooster,brown,,,5.0,0.0,5.0,6.0,1.0,0.0,-1.0
pan,kookpot,gold,,,6.0,0.0,6.0,7.0,1.0,0.0,-1.0
cocaine,cola,white,,,61.0,0.0,61.0,19.0,1.0,0.0,-1.0
